Date,Plant_ID,Mix_Design,Target_Strength_MPa,Slump_mm,Temperature_C,Air_Content_pct,Strength_7d_MPa,Strength_28d_MPa,Strength_Status,Slump_Status,Corrective_Action,Strength_Margin_MPa,Strength_Pass_Flag,Slump_Out_of_Spec_Flag,Month
2024-03-28,RMX_001,C40,40,91.7,29.5,2.74,28.7,39.1,Fail,In Spec,Adjust Cement,-0.8999999999999986,0,0,2024-03
2024-07-10,RMX_001,C25,25,98.1,32.7,2.88,15.7,27.3,Pass,In Spec,,2.3000000000000007,1,0,2024-07
2024-07-08,RMX_001,C25,25,121.9,32.6,1.28,17.0,25.7,Pass,In Spec,,0.6999999999999993,1,0,2024-07
2024-05-14,RMX_001,C40,40,97.5,28.4,2.48,28.3,41.7,Pass,In Spec,,1.7000000000000028,1,0,2024-05
2024-05-09,RMX_001,C25,25,95.6,27.9,2.55,17.1,26.0,Pass,In Spec,,1.0,1,0,2024-05
2024-03-21,RMX_001,C40,40,99.5,30.8,3.29,25.3,43.2,Pass,In Spec,,3.200000000000003,1,0,2024-03
2024-02-17,RMX_001,C30,30,81.0,31.3,3.89,21.3,32.0,Pass,In Spec,,2.0,1,0,2024-02
2024-02-22,RMX_001,C40,40,113.2,27.7,2.35,23.0,39.7,Fail,In Spec,Adjust Cement,-0.29999999999999716,0,0,2024-02
2024-05-15,RMX_001,C30,30,101.4,29.3,2.02,17.9,27.0,Fail,In Spec,Adjust Cement,-3.0,0,0,2024-05
2024-01-05,RMX_001,C40,40,79.5,29.7,2.94,27.8,44.4,Pass,In Spec,,4.399999999999999,1,0,2024-01
2024-05-30,RMX_001,C30,30,87.4,27.1,2.67,21.0,30.3,Pass,In Spec,,0.3000000000000007,1,0,2024-05
2024-07-11,RMX_001,C30,30,97.2,31.5,2.05,20.8,32.2,Pass,In Spec,,2.200000000000003,1,0,2024-07
2024-05-16,RMX_001,C40,40,105.4,26.1,2.68,29.1,41.9,Pass,In Spec,,1.8999999999999986,1,0,2024-05
2024-04-05,RMX_001,C40,40,123.5,26.8,2.47,23.2,45.3,Pass,In Spec,,5.299999999999997,1,0,2024-04
2024-03-26,RMX_001,C30,30,104.5,24.9,1.79,19.8,31.8,Pass,In Spec,,1.8000000000000007,1,0,2024-03
2024-04-17,RMX_001,C30,30,109.1,23.6,2.95,19.3,29.2,Fail,In Spec,Adjust Cement,-0.8000000000000007,0,0,2024-04
2024-01-27,RMX_001,C30,30,94.8,30.3,2.34,18.2,30.9,Pass,In Spec,,0.8999999999999986,1,0,2024-01
2024-02-20,RMX_001,C30,30,106.9,25.4,2.25,17.5,38.6,Pass,In Spec,,8.600000000000001,1,0,2024-02
2024-07-04,RMX_001,C30,30,106.8,27.5,2.61,16.5,29.2,Fail,In Spec,Adjust Cement,-0.8000000000000007,0,0,2024-07
2024-05-08,RMX_001,C30,30,121.1,31.3,3.0,18.8,31.3,Pass,In Spec,,1.3000000000000007,1,0,2024-05
2024-07-02,RMX_001,C40,40,105.1,33.9,3.48,22.1,39.6,Fail,In Spec,Adjust Cement,-0.3999999999999986,0,0,2024-07
2024-05-18,RMX_001,C40,40,102.5,30.2,2.19,26.7,41.9,Pass,In Spec,,1.8999999999999986,1,0,2024-05
2024-04-05,RMX_001,C40,40,85.1,26.3,2.55,25.0,37.0,Fail,In Spec,Adjust Cement,-3.0,0,0,2024-04
2024-05-08,RMX_001,C40,40,101.0,29.6,2.04,27.2,41.5,Pass,In Spec,,1.5,1,0,2024-05
2024-02-29,RMX_001,C40,40,88.3,27.0,2.91,23.5,42.7,Pass,In Spec,,2.700000000000003,1,0,2024-02
2024-04-08,RMX_001,C25,25,119.6,27.0,2.4,14.4,28.6,Pass,In Spec,,3.6000000000000014,1,0,2024-04
2024-07-18,RMX_001,C40,40,107.8,28.9,2.63,26.7,39.8,Fail,In Spec,Adjust Cement,-0.20000000000000284,0,0,2024-07
2024-06-01,RMX_001,C30,30,103.5,30.6,3.39,20.4,31.1,Pass,In Spec,,1.1000000000000014,1,0,2024-06
2024-02-17,RMX_001,C25,25,85.2,24.7,1.06,15.2,26.2,Pass,In Spec,,1.1999999999999993,1,0,2024-02
2024-04-28,RMX_001,C40,40,94.3,25.1,3.05,27.3,51.8,Pass,In Spec,,11.799999999999997,1,0,2024-04
2024-07-10,RMX_001,C30,30,113.2,27.3,3.1,20.3,38.1,Pass,In Spec,,8.100000000000001,1,0,2024-07
2024-06-06,RMX_001,C25,25,101.4,29.9,2.07,14.9,27.2,Pass,In Spec,,2.1999999999999993,1,0,2024-06
2024-04-25,RMX_001,C25,25,109.1,27.0,2.8,13.8,26.9,Pass,In Spec,,1.8999999999999986,1,0,2024-04
2024-01-18,RMX_001,C40,40,100.8,25.2,2.2,25.8,36.4,Fail,In Spec,Adjust Cement,-3.6000000000000014,0,0,2024-01
2024-05-09,RMX_001,C25,25,116.4,27.0,2.82,14.9,23.6,Fail,In Spec,Adjust Cement,-1.3999999999999986,0,0,2024-05
2024-06-18,RMX_001,C30,30,88.7,30.6,3.03,18.1,34.8,Pass,In Spec,,4.799999999999997,1,0,2024-06
2024-04-24,RMX_001,C40,40,76.7,26.5,2.13,26.4,40.2,Pass,In Spec,,0.20000000000000284,1,0,2024-04
2024-02-20,RMX_001,C40,40,98.1,28.2,2.3,29.8,39.8,Fail,In Spec,Adjust Cement,-0.20000000000000284,0,0,2024-02
2024-02-29,RMX_001,C25,25,102.2,28.4,2.68,13.9,28.2,Pass,In Spec,,3.1999999999999993,1,0,2024-02
2024-04-08,RMX_001,C25,25,92.3,31.6,2.42,15.8,23.7,Fail,In Spec,Adjust Cement,-1.3000000000000007,0,0,2024-04
2024-03-02,RMX_001,C40,40,98.4,26.5,3.3,25.1,39.7,Fail,In Spec,Adjust Cement,-0.29999999999999716,0,0,2024-03
2024-04-27,RMX_001,C40,40,91.3,33.3,2.16,22.9,40.9,Pass,In Spec,,0.8999999999999986,1,0,2024-04
2024-05-23,RMX_001,C25,25,81.1,30.8,3.56,17.5,23.2,Fail,In Spec,Adjust Cement,-1.8000000000000007,0,0,2024-05
2024-02-08,RMX_001,C40,40,92.7,27.3,3.44,26.0,39.0,Fail,In Spec,Adjust Cement,-1.0,0,0,2024-02
2024-01-04,RMX_001,C25,25,131.7,26.5,2.34,16.9,32.6,Pass,Out of Spec,Adjust Water,7.600000000000001,1,1,2024-01
2024-02-02,RMX_001,C40,40,101.3,31.5,2.77,27.5,47.8,Pass,In Spec,,7.799999999999997,1,0,2024-02
2024-01-29,RMX_001,C25,25,107.2,29.4,3.07,16.8,24.0,Fail,In Spec,Adjust Cement,-1.0,0,0,2024-01
2024-03-21,RMX_001,C25,25,108.9,26.4,1.87,16.4,25.4,Pass,In Spec,,0.3999999999999986,1,0,2024-03
2024-06-05,RMX_001,C30,30,113.3,26.6,2.19,19.0,33.8,Pass,In Spec,,3.799999999999997,1,0,2024-06
2024-07-10,RMX_001,C25,25,121.8,26.1,2.94,16.9,24.8,Fail,In Spec,Adjust Cement,-0.1999999999999993,0,0,2024-07
2024-02-06,RMX_001,C40,40,99.7,28.4,3.14,24.8,43.8,Pass,In Spec,,3.799999999999997,1,0,2024-02
2024-04-22,RMX_001,C25,25,97.0,31.4,2.93,15.5,23.6,Fail,In Spec,Adjust Cement,-1.3999999999999986,0,0,2024-04
2024-05-07,RMX_001,C30,30,63.2,27.8,2.21,19.1,30.5,Pass,Out of Spec,Reject Batch,0.5,1,1,2024-05
2024-06-28,RMX_001,C40,40,114.8,25.4,2.49,26.4,39.4,Fail,In Spec,Adjust Cement,-0.6000000000000014,0,0,2024-06
2024-05-24,RMX_001,C40,40,94.9,28.7,2.66,29.4,44.8,Pass,In Spec,,4.799999999999997,1,0,2024-05
2024-01-27,RMX_001,C25,25,107.4,27.2,3.09,15.6,23.5,Fail,In Spec,Adjust Cement,-1.5,0,0,2024-01
2024-02-14,RMX_001,C30,30,100.7,24.5,2.72,17.3,32.2,Pass,In Spec,,2.200000000000003,1,0,2024-02
2024-03-30,RMX_001,C30,30,97.2,27.5,3.43,21.7,29.4,Fail,In Spec,Adjust Cement,-0.6000000000000014,0,0,2024-03
2024-01-01,RMX_001,C40,40,99.7,25.0,2.49,25.4,43.0,Pass,In Spec,,3.0,1,0,2024-01
2024-02-25,RMX_001,C40,40,87.6,29.5,2.54,23.1,39.3,Fail,In Spec,Adjust Cement,-0.7000000000000028,0,0,2024-02
2024-02-18,RMX_001,C25,25,103.4,28.0,2.55,15.3,26.3,Pass,In Spec,,1.3000000000000007,1,0,2024-02
2024-03-14,RMX_001,C30,30,107.5,25.3,3.26,20.1,32.0,Pass,In Spec,,2.0,1,0,2024-03
2024-01-28,RMX_001,C30,30,132.8,25.6,2.08,18.6,26.4,Fail,Out of Spec,Reject Batch,-3.6000000000000014,0,1,2024-01
2024-06-05,RMX_001,C25,25,92.1,29.0,3.44,17.4,25.1,Pass,In Spec,,0.10000000000000142,1,0,2024-06
2024-03-26,RMX_001,C25,25,80.2,33.5,3.09,15.7,22.8,Fail,In Spec,Adjust Cement,-2.1999999999999993,0,0,2024-03
2024-05-08,RMX_001,C40,40,120.3,28.8,2.64,21.1,39.1,Fail,In Spec,Adjust Cement,-0.8999999999999986,0,0,2024-05
2024-02-20,RMX_001,C25,25,100.1,28.1,2.27,17.0,24.1,Fail,In Spec,Adjust Cement,-0.8999999999999986,0,0,2024-02
2024-04-01,RMX_001,C25,25,97.9,23.9,2.77,17.6,29.3,Pass,In Spec,,4.300000000000001,1,0,2024-04
2024-02-23,RMX_001,C40,40,105.0,25.8,3.28,26.2,45.8,Pass,In Spec,,5.799999999999997,1,0,2024-02
2024-05-21,RMX_001,C25,25,101.0,26.3,3.77,18.0,25.5,Pass,In Spec,,0.5,1,0,2024-05
2024-02-21,RMX_001,C30,30,103.0,28.1,3.31,21.4,29.4,Fail,In Spec,Adjust Cement,-0.6000000000000014,0,0,2024-02
2024-02-20,RMX_001,C25,25,101.7,32.5,2.54,18.3,23.5,Fail,In Spec,Adjust Cement,-1.5,0,0,2024-02
2024-05-05,RMX_001,C25,25,99.8,30.4,2.36,14.2,26.2,Pass,In Spec,,1.1999999999999993,1,0,2024-05
2024-03-20,RMX_001,C40,40,106.0,22.5,2.96,21.7,48.5,Pass,In Spec,,8.5,1,0,2024-03
2024-06-03,RMX_001,C40,40,124.2,25.6,2.78,24.2,45.2,Pass,In Spec,,5.200000000000003,1,0,2024-06
2024-04-01,RMX_001,C25,25,96.5,28.2,2.68,17.0,25.2,Pass,In Spec,,0.1999999999999993,1,0,2024-04
2024-03-13,RMX_001,C30,30,98.4,24.9,2.22,17.7,36.2,Pass,In Spec,,6.200000000000003,1,0,2024-03
2024-04-22,RMX_001,C30,30,100.5,29.5,3.1,20.8,30.0,Pass,In Spec,,0.0,1,0,2024-04
2024-05-09,RMX_001,C40,40,92.0,26.3,2.36,21.4,37.2,Fail,In Spec,Adjust Cement,-2.799999999999997,0,0,2024-05
2024-01-18,RMX_001,C25,25,120.5,29.2,2.11,16.8,27.6,Pass,In Spec,,2.6000000000000014,1,0,2024-01
2024-01-17,RMX_001,C30,30,82.5,23.0,2.65,18.8,32.1,Pass,In Spec,,2.1000000000000014,1,0,2024-01
2024-01-25,RMX_001,C40,40,80.6,28.2,2.06,24.6,38.2,Fail,In Spec,Adjust Cement,-1.7999999999999972,0,0,2024-01
2024-04-22,RMX_001,C30,30,99.9,32.4,2.54,18.2,35.2,Pass,In Spec,,5.200000000000003,1,0,2024-04
2024-07-05,RMX_001,C40,40,108.1,23.4,1.93,26.5,44.7,Pass,In Spec,,4.700000000000003,1,0,2024-07
2024-01-04,RMX_001,C40,40,100.4,28.4,2.32,25.5,40.5,Pass,In Spec,,0.5,1,0,2024-01
2024-02-09,RMX_001,C30,30,90.6,26.2,2.07,19.6,29.5,Fail,In Spec,Adjust Cement,-0.5,0,0,2024-02
2024-06-27,RMX_001,C25,25,105.9,27.7,2.62,16.6,24.8,Fail,In Spec,Adjust Cement,-0.1999999999999993,0,0,2024-06
2024-02-13,RMX_001,C30,30,92.0,28.3,2.88,17.0,32.8,Pass,In Spec,,2.799999999999997,1,0,2024-02
2024-03-30,RMX_001,C25,25,91.5,25.0,2.64,12.8,25.3,Pass,In Spec,,0.3000000000000007,1,0,2024-03
2024-01-03,RMX_001,C30,30,95.4,29.9,1.67,19.4,28.6,Fail,In Spec,Adjust Cement,-1.3999999999999986,0,0,2024-01
2024-03-24,RMX_001,C25,25,88.8,21.6,3.5,18.7,27.5,Pass,In Spec,,2.5,1,0,2024-03
2024-04-04,RMX_001,C25,25,84.8,27.8,1.99,17.9,27.2,Pass,In Spec,,2.1999999999999993,1,0,2024-04
2024-03-04,RMX_001,C25,25,106.8,29.9,2.84,16.1,27.6,Pass,In Spec,,2.6000000000000014,1,0,2024-03
2024-06-13,RMX_001,C30,30,97.2,29.6,2.85,20.3,32.6,Pass,In Spec,,2.6000000000000014,1,0,2024-06
2024-03-12,RMX_001,C25,25,109.8,24.1,2.36,17.0,29.7,Pass,In Spec,,4.699999999999999,1,0,2024-03
2024-03-03,RMX_001,C40,40,112.4,29.7,2.65,27.4,49.1,Pass,In Spec,,9.100000000000001,1,0,2024-03
2024-05-14,RMX_001,C40,40,72.1,31.0,2.84,21.3,34.7,Fail,Out of Spec,Adjust Water,-5.299999999999997,0,1,2024-05
2024-06-03,RMX_001,C40,40,121.5,25.4,2.3,27.0,46.0,Pass,In Spec,,6.0,1,0,2024-06
2024-01-10,RMX_001,C25,25,93.1,25.5,2.92,15.2,26.4,Pass,In Spec,,1.3999999999999986,1,0,2024-01
2024-01-05,RMX_001,C25,25,92.8,27.0,2.91,17.9,25.4,Pass,In Spec,,0.3999999999999986,1,0,2024-01
2024-02-12,RMX_001,C25,25,111.4,25.2,2.93,17.9,27.1,Pass,In Spec,,2.1000000000000014,1,0,2024-02
2024-01-23,RMX_001,C40,40,128.2,24.8,2.24,26.3,44.7,Pass,Out of Spec,Reject Batch,4.700000000000003,1,1,2024-01
2024-04-09,RMX_001,C40,40,112.2,23.5,2.37,25.1,44.1,Pass,In Spec,,4.100000000000001,1,0,2024-04
2024-05-01,RMX_001,C25,25,123.5,28.7,2.72,16.6,24.0,Fail,In Spec,Adjust Cement,-1.0,0,0,2024-05
2024-06-16,RMX_001,C25,25,123.9,26.5,2.01,16.1,26.4,Pass,In Spec,,1.3999999999999986,1,0,2024-06
2024-04-26,RMX_001,C40,40,116.4,26.2,2.43,28.1,40.1,Pass,In Spec,,0.10000000000000142,1,0,2024-04
2024-06-10,RMX_001,C30,30,84.8,23.0,2.91,19.6,28.4,Fail,In Spec,Adjust Cement,-1.6000000000000014,0,0,2024-06
2024-05-31,RMX_001,C40,40,80.6,23.5,2.37,23.7,41.5,Pass,In Spec,,1.5,1,0,2024-05
2024-04-23,RMX_001,C25,25,59.5,27.8,2.38,17.1,29.9,Pass,Out of Spec,Reject Batch,4.899999999999999,1,1,2024-04
2024-03-26,RMX_001,C25,25,116.9,29.3,2.51,19.1,23.0,Fail,In Spec,Adjust Cement,-2.0,0,0,2024-03
2024-03-02,RMX_001,C40,40,100.0,28.5,2.16,26.3,39.5,Fail,In Spec,Adjust Cement,-0.5,0,0,2024-03
2024-04-22,RMX_001,C30,30,110.1,35.7,1.95,21.6,25.1,Fail,In Spec,Adjust Cement,-4.899999999999999,0,0,2024-04
2024-01-10,RMX_001,C30,30,123.9,27.9,2.35,18.4,31.8,Pass,In Spec,,1.8000000000000007,1,0,2024-01
2024-03-07,RMX_001,C30,30,97.2,28.2,2.98,21.3,26.3,Fail,In Spec,Adjust Cement,-3.6999999999999993,0,0,2024-03
2024-04-05,RMX_001,C40,40,101.5,27.6,2.75,23.9,40.9,Pass,In Spec,,0.8999999999999986,1,0,2024-04
2024-02-24,RMX_001,C30,30,96.6,31.7,2.71,19.1,29.0,Fail,In Spec,Adjust Cement,-1.0,0,0,2024-02
2024-05-09,RMX_001,C30,30,104.9,24.2,2.96,19.2,30.2,Pass,In Spec,,0.1999999999999993,1,0,2024-05
2024-05-16,RMX_001,C40,40,115.7,23.3,2.8,23.4,47.6,Pass,In Spec,,7.600000000000001,1,0,2024-05
2024-04-23,RMX_001,C30,30,94.5,29.4,2.58,18.0,31.5,Pass,In Spec,,1.5,1,0,2024-04
2024-01-22,RMX_001,C40,40,105.0,33.1,2.54,24.4,47.2,Pass,In Spec,,7.200000000000003,1,0,2024-01
2024-05-07,RMX_001,C40,40,84.3,27.3,2.65,27.2,45.0,Pass,In Spec,,5.0,1,0,2024-05
2024-05-01,RMX_001,C25,25,108.1,28.0,3.18,16.1,24.9,Fail,In Spec,Adjust Cement,-0.10000000000000142,0,0,2024-05
2024-05-17,RMX_001,C40,40,86.5,25.3,2.05,27.7,41.7,Pass,In Spec,,1.7000000000000028,1,0,2024-05
2024-02-23,RMX_001,C25,25,134.5,27.0,3.07,15.7,29.2,Pass,Out of Spec,Reject Batch,4.199999999999999,1,1,2024-02
2024-02-24,RMX_001,C40,40,96.6,31.6,2.62,26.9,43.7,Pass,In Spec,,3.700000000000003,1,0,2024-02
2024-03-21,RMX_001,C40,40,102.0,22.7,2.44,23.5,42.5,Pass,In Spec,,2.5,1,0,2024-03
2024-04-13,RMX_001,C30,30,92.8,34.9,1.87,17.5,35.5,Pass,In Spec,,5.5,1,0,2024-04
2024-07-05,RMX_001,C30,30,89.4,25.6,2.46,19.0,29.9,Fail,In Spec,Adjust Cement,-0.10000000000000142,0,0,2024-07
2024-07-16,RMX_001,C40,40,103.3,33.8,2.85,28.6,44.6,Pass,In Spec,,4.600000000000001,1,0,2024-07
2024-01-26,RMX_001,C25,25,114.0,28.8,2.87,15.9,26.5,Pass,In Spec,,1.5,1,0,2024-01
2024-04-24,RMX_001,C40,40,101.6,26.4,1.52,25.4,43.1,Pass,In Spec,,3.1000000000000014,1,0,2024-04
2024-04-12,RMX_001,C30,30,91.2,32.1,2.32,21.5,25.0,Fail,In Spec,Adjust Cement,-5.0,0,0,2024-04
2024-07-01,RMX_001,C25,25,80.9,32.2,2.07,19.7,26.4,Pass,In Spec,,1.3999999999999986,1,0,2024-07
2024-06-01,RMX_001,C40,40,115.2,27.4,2.28,28.9,42.6,Pass,In Spec,,2.6000000000000014,1,0,2024-06
2024-05-02,RMX_001,C25,25,113.0,28.8,1.83,17.0,27.7,Pass,In Spec,,2.6999999999999993,1,0,2024-05
2024-06-06,RMX_001,C40,40,100.7,35.8,2.17,24.6,37.1,Fail,In Spec,Adjust Cement,-2.8999999999999986,0,0,2024-06
2024-02-06,RMX_001,C25,25,104.3,21.7,1.57,15.9,27.2,Pass,In Spec,,2.1999999999999993,1,0,2024-02
2024-07-05,RMX_001,C25,25,111.2,29.4,2.38,15.1,25.7,Pass,In Spec,,0.6999999999999993,1,0,2024-07
2024-03-02,RMX_001,C30,30,90.3,30.4,2.64,19.6,32.1,Pass,In Spec,,2.1000000000000014,1,0,2024-03
2024-04-19,RMX_001,C25,25,113.9,27.6,2.17,15.7,27.4,Pass,In Spec,,2.3999999999999986,1,0,2024-04
2024-01-09,RMX_001,C30,30,98.1,26.5,2.73,20.3,28.5,Fail,In Spec,Adjust Cement,-1.5,0,0,2024-01
2024-03-22,RMX_001,C40,40,108.6,29.9,3.73,26.2,36.5,Fail,In Spec,Adjust Cement,-3.5,0,0,2024-03
2024-06-01,RMX_001,C30,30,133.5,26.0,1.38,18.2,31.1,Pass,Out of Spec,Adjust Water,1.1000000000000014,1,1,2024-06
2024-05-03,RMX_001,C30,30,73.6,28.9,2.67,20.5,36.3,Pass,Out of Spec,Adjust Water,6.299999999999997,1,1,2024-05
2024-02-09,RMX_001,C40,40,100.7,26.1,2.95,26.1,48.0,Pass,In Spec,,8.0,1,0,2024-02
2024-04-01,RMX_001,C40,40,112.3,29.2,2.82,28.2,42.2,Pass,In Spec,,2.200000000000003,1,0,2024-04
2024-05-12,RMX_001,C25,25,96.0,27.2,1.92,15.3,24.4,Fail,In Spec,Adjust Cement,-0.6000000000000014,0,0,2024-05
2024-02-08,RMX_001,C40,40,108.9,27.9,2.78,24.9,44.0,Pass,In Spec,,4.0,1,0,2024-02
2024-07-10,RMX_001,C40,40,87.8,30.6,2.83,22.2,41.1,Pass,In Spec,,1.1000000000000014,1,0,2024-07
2024-03-03,RMX_001,C25,25,86.8,27.1,2.61,16.6,29.4,Pass,In Spec,,4.399999999999999,1,0,2024-03
2024-05-17,RMX_001,C40,40,102.6,29.2,2.41,25.2,40.8,Pass,In Spec,,0.7999999999999972,1,0,2024-05
2024-05-04,RMX_001,C30,30,102.6,31.6,1.74,18.7,32.4,Pass,In Spec,,2.3999999999999986,1,0,2024-05
2024-01-29,RMX_001,C40,40,117.0,26.6,2.44,23.6,42.3,Pass,In Spec,,2.299999999999997,1,0,2024-01
2024-01-27,RMX_001,C25,25,117.5,30.5,2.25,15.3,27.7,Pass,In Spec,,2.6999999999999993,1,0,2024-01
2024-05-10,RMX_001,C40,40,109.8,27.7,3.42,23.9,37.1,Fail,In Spec,Adjust Cement,-2.8999999999999986,0,0,2024-05
2024-03-04,RMX_001,C40,40,89.6,30.7,2.4,24.6,39.9,Fail,In Spec,Adjust Cement,-0.10000000000000142,0,0,2024-03
2024-03-19,RMX_001,C25,25,81.2,32.3,2.46,17.6,26.9,Pass,In Spec,,1.8999999999999986,1,0,2024-03
2024-06-29,RMX_001,C40,40,106.9,29.4,2.8,24.1,43.0,Pass,In Spec,,3.0,1,0,2024-06
2024-01-09,RMX_001,C30,30,118.7,29.5,1.98,19.4,32.4,Pass,In Spec,,2.3999999999999986,1,0,2024-01
2024-05-09,RMX_001,C30,30,88.6,26.3,2.27,17.5,34.3,Pass,In Spec,,4.299999999999997,1,0,2024-05
2024-02-02,RMX_001,C40,40,129.4,26.8,2.66,25.9,44.9,Pass,Out of Spec,Adjust Water,4.899999999999999,1,1,2024-02
2024-03-16,RMX_001,C30,30,119.1,28.8,2.73,18.6,32.5,Pass,In Spec,,2.5,1,0,2024-03
2024-04-06,RMX_001,C25,25,95.1,28.1,1.76,16.1,28.6,Pass,In Spec,,3.6000000000000014,1,0,2024-04
2024-06-14,RMX_001,C30,30,90.1,31.1,2.55,17.4,28.8,Fail,In Spec,Adjust Cement,-1.1999999999999993,0,0,2024-06
2024-06-08,RMX_001,C40,40,109.5,25.1,2.68,26.3,47.4,Pass,In Spec,,7.399999999999999,1,0,2024-06
2024-03-02,RMX_001,C25,25,120.7,30.1,2.7,17.4,27.5,Pass,In Spec,,2.5,1,0,2024-03
2024-04-15,RMX_001,C40,40,101.7,30.9,2.4,28.6,43.3,Pass,In Spec,,3.299999999999997,1,0,2024-04
2024-04-09,RMX_001,C30,30,132.7,26.0,2.26,19.0,32.5,Pass,Out of Spec,Adjust Water,2.5,1,1,2024-04
2024-05-29,RMX_001,C25,25,107.8,26.3,2.49,18.9,29.7,Pass,In Spec,,4.699999999999999,1,0,2024-05
2024-07-09,RMX_001,C25,25,106.5,24.6,2.78,15.6,26.7,Pass,In Spec,,1.6999999999999993,1,0,2024-07
2024-01-04,RMX_001,C40,40,96.1,23.0,2.7,27.3,40.5,Pass,In Spec,,0.5,1,0,2024-01
2024-03-06,RMX_001,C30,30,123.6,28.7,3.02,22.0,30.4,Pass,In Spec,,0.3999999999999986,1,0,2024-03
2024-05-22,RMX_001,C40,40,97.4,30.7,2.83,22.8,46.7,Pass,In Spec,,6.700000000000003,1,0,2024-05
2024-02-10,RMX_001,C25,25,120.7,29.2,2.16,16.7,25.7,Pass,In Spec,,0.6999999999999993,1,0,2024-02
2024-05-24,RMX_001,C30,30,97.0,25.5,3.27,22.2,29.9,Fail,In Spec,Adjust Cement,-0.10000000000000142,0,0,2024-05
2024-06-12,RMX_001,C40,40,104.1,25.4,1.69,29.4,46.9,Pass,In Spec,,6.899999999999999,1,0,2024-06
2024-03-16,RMX_001,C25,25,88.5,25.7,2.42,17.5,25.1,Pass,In Spec,,0.10000000000000142,1,0,2024-03
2024-03-04,RMX_001,C30,30,70.7,27.5,1.93,20.4,31.8,Pass,Out of Spec,Adjust Water,1.8000000000000007,1,1,2024-03
2024-05-13,RMX_001,C30,30,112.7,31.7,3.11,19.4,32.4,Pass,In Spec,,2.3999999999999986,1,0,2024-05
2024-01-20,RMX_001,C40,40,119.5,27.0,2.22,26.1,39.8,Fail,In Spec,Adjust Cement,-0.20000000000000284,0,0,2024-01
2024-07-02,RMX_001,C30,30,111.0,27.8,2.54,16.5,33.7,Pass,In Spec,,3.700000000000003,1,0,2024-07
2024-05-05,RMX_001,C40,40,105.2,21.6,2.65,23.9,42.3,Pass,In Spec,,2.299999999999997,1,0,2024-05
2024-03-26,RMX_001,C25,25,89.0,29.5,2.8,15.2,25.3,Pass,In Spec,,0.3000000000000007,1,0,2024-03
2024-04-23,RMX_001,C40,40,91.1,30.6,2.75,26.3,43.2,Pass,In Spec,,3.200000000000003,1,0,2024-04
2024-02-02,RMX_001,C30,30,114.4,28.9,2.28,19.6,32.0,Pass,In Spec,,2.0,1,0,2024-02
2024-03-30,RMX_001,C25,25,106.7,29.9,1.93,18.3,24.0,Fail,In Spec,Adjust Cement,-1.0,0,0,2024-03
2024-05-04,RMX_001,C30,30,115.1,27.2,2.67,21.7,32.9,Pass,In Spec,,2.8999999999999986,1,0,2024-05
2024-01-23,RMX_001,C30,30,105.3,31.6,1.89,20.4,33.2,Pass,In Spec,,3.200000000000003,1,0,2024-01
2024-07-17,RMX_001,C40,40,95.2,30.8,2.99,23.3,45.5,Pass,In Spec,,5.5,1,0,2024-07
2024-02-04,RMX_001,C40,40,78.1,25.3,3.28,22.9,41.0,Pass,In Spec,,1.0,1,0,2024-02
2024-01-26,RMX_001,C30,30,102.5,25.9,3.04,21.8,26.1,Fail,In Spec,Adjust Cement,-3.8999999999999986,0,0,2024-01
2024-02-17,RMX_001,C30,30,89.8,26.6,2.49,17.8,27.8,Fail,In Spec,Adjust Cement,-2.1999999999999993,0,0,2024-02
2024-06-19,RMX_001,C25,25,97.8,23.1,3.01,13.5,28.0,Pass,In Spec,,3.0,1,0,2024-06
2024-02-20,RMX_001,C25,25,114.7,27.2,3.13,16.4,27.0,Pass,In Spec,,2.0,1,0,2024-02
2024-01-27,RMX_001,C40,40,98.5,23.8,2.27,25.1,43.5,Pass,In Spec,,3.5,1,0,2024-01
2024-01-02,RMX_001,C25,25,135.2,28.5,3.2,17.4,23.1,Fail,Out of Spec,Reject Batch,-1.8999999999999986,0,1,2024-01
2024-06-18,RMX_001,C25,25,84.1,28.2,2.66,16.7,25.1,Pass,In Spec,,0.10000000000000142,1,0,2024-06
2024-04-15,RMX_001,C25,25,86.6,32.2,2.46,15.5,26.4,Pass,In Spec,,1.3999999999999986,1,0,2024-04
2024-01-10,RMX_001,C40,40,101.8,29.6,2.52,26.1,39.8,Fail,In Spec,Adjust Cement,-0.20000000000000284,0,0,2024-01
2024-03-31,RMX_001,C30,30,90.1,30.2,2.37,20.0,35.1,Pass,In Spec,,5.100000000000001,1,0,2024-03
2024-07-01,RMX_001,C25,25,116.0,25.3,2.72,17.4,27.4,Pass,In Spec,,2.3999999999999986,1,0,2024-07
2024-05-28,RMX_001,C30,30,110.2,26.7,2.21,19.4,34.1,Pass,In Spec,,4.100000000000001,1,0,2024-05
2024-03-17,RMX_001,C25,25,91.8,25.2,2.15,15.4,23.6,Fail,In Spec,Adjust Cement,-1.3999999999999986,0,0,2024-03
2024-05-04,RMX_001,C25,25,111.3,30.0,1.73,15.5,30.0,Pass,In Spec,,5.0,1,0,2024-05
2024-02-05,RMX_001,C40,40,115.6,26.4,1.68,28.1,42.5,Pass,In Spec,,2.5,1,0,2024-02
2024-02-18,RMX_001,C25,25,103.8,24.7,2.14,15.5,25.9,Pass,In Spec,,0.8999999999999986,1,0,2024-02
2024-02-13,RMX_001,C30,30,92.2,28.6,1.83,20.7,35.6,Pass,In Spec,,5.600000000000001,1,0,2024-02
2024-04-11,RMX_001,C25,25,113.1,23.9,2.41,16.1,25.2,Pass,In Spec,,0.1999999999999993,1,0,2024-04
2024-02-24,RMX_001,C25,25,99.8,28.3,2.93,14.0,28.9,Pass,In Spec,,3.8999999999999986,1,0,2024-02
2024-05-19,RMX_001,C30,30,110.4,27.7,2.05,18.4,34.5,Pass,In Spec,,4.5,1,0,2024-05
2024-07-18,RMX_001,C40,40,83.6,27.1,3.11,26.3,49.4,Pass,In Spec,,9.399999999999999,1,0,2024-07
2024-05-21,RMX_001,C40,40,105.9,28.9,3.0,23.5,42.1,Pass,In Spec,,2.1000000000000014,1,0,2024-05
2024-03-07,RMX_001,C25,25,89.8,24.5,1.73,14.8,26.4,Pass,In Spec,,1.3999999999999986,1,0,2024-03
2024-06-19,RMX_001,C30,30,75.8,34.5,1.93,20.8,31.6,Pass,In Spec,,1.6000000000000014,1,0,2024-06
2024-03-20,RMX_001,C40,40,101.2,27.7,2.96,25.4,42.9,Pass,In Spec,,2.8999999999999986,1,0,2024-03
2024-05-09,RMX_001,C40,40,104.8,26.5,2.38,23.6,40.9,Pass,In Spec,,0.8999999999999986,1,0,2024-05
2024-04-19,RMX_001,C40,40,100.4,28.0,3.04,26.9,41.9,Pass,In Spec,,1.8999999999999986,1,0,2024-04
2024-05-28,RMX_001,C30,30,112.3,26.5,2.97,18.3,32.3,Pass,In Spec,,2.299999999999997,1,0,2024-05
2024-06-08,RMX_001,C30,30,76.3,28.1,2.62,18.0,33.2,Pass,In Spec,,3.200000000000003,1,0,2024-06
2024-01-05,RMX_001,C25,25,93.1,28.1,2.38,14.6,23.1,Fail,In Spec,Adjust Cement,-1.8999999999999986,0,0,2024-01
2024-03-23,RMX_001,C40,40,91.6,26.2,3.32,25.8,37.2,Fail,In Spec,Adjust Cement,-2.799999999999997,0,0,2024-03
2024-01-04,RMX_001,C25,25,113.2,26.2,2.35,15.8,26.6,Pass,In Spec,,1.6000000000000014,1,0,2024-01
2024-06-26,RMX_001,C40,40,89.0,25.8,2.2,25.0,45.0,Pass,In Spec,,5.0,1,0,2024-06
2024-06-03,RMX_001,C40,40,106.4,26.7,3.16,23.5,46.3,Pass,In Spec,,6.299999999999997,1,0,2024-06
2024-06-15,RMX_001,C30,30,108.1,30.3,2.21,15.6,30.2,Pass,In Spec,,0.1999999999999993,1,0,2024-06
2024-02-21,RMX_001,C25,25,105.9,25.0,2.48,13.8,30.4,Pass,In Spec,,5.399999999999999,1,0,2024-02
2024-02-11,RMX_001,C40,40,94.2,29.7,3.05,27.1,45.2,Pass,In Spec,,5.200000000000003,1,0,2024-02
2024-02-27,RMX_001,C25,25,104.8,28.9,2.13,16.0,25.5,Pass,In Spec,,0.5,1,0,2024-02
2024-03-27,RMX_001,C25,25,99.7,31.9,2.03,13.5,27.0,Pass,In Spec,,2.0,1,0,2024-03
2024-03-17,RMX_001,C25,25,96.1,29.4,2.16,18.8,26.5,Pass,In Spec,,1.5,1,0,2024-03
2024-02-27,RMX_001,C25,25,111.9,31.7,2.44,16.4,26.3,Pass,In Spec,,1.3000000000000007,1,0,2024-02
2024-01-28,RMX_001,C40,40,91.9,25.1,1.84,27.4,45.7,Pass,In Spec,,5.700000000000003,1,0,2024-01
2024-06-26,RMX_001,C40,40,117.8,30.2,3.0,24.5,37.5,Fail,In Spec,Adjust Cement,-2.5,0,0,2024-06
2024-05-01,RMX_001,C40,40,122.5,28.8,2.04,27.3,45.9,Pass,In Spec,,5.899999999999999,1,0,2024-05
2024-02-01,RMX_001,C40,40,90.3,30.8,2.53,26.5,46.9,Pass,In Spec,,6.899999999999999,1,0,2024-02
2024-05-03,RMX_001,C30,30,107.6,26.9,2.08,17.9,26.8,Fail,In Spec,Adjust Cement,-3.1999999999999993,0,0,2024-05
2024-04-29,RMX_001,C30,30,108.7,28.4,2.26,19.0,32.0,Pass,In Spec,,2.0,1,0,2024-04
2024-05-20,RMX_001,C25,25,97.5,30.6,2.21,16.0,26.8,Pass,In Spec,,1.8000000000000007,1,0,2024-05
2024-03-26,RMX_001,C30,30,118.2,27.6,2.94,20.6,29.0,Fail,In Spec,Adjust Cement,-1.0,0,0,2024-03
2024-05-30,RMX_001,C30,30,107.5,29.2,2.17,18.7,32.9,Pass,In Spec,,2.8999999999999986,1,0,2024-05
2024-01-25,RMX_001,C25,25,122.2,26.5,2.83,18.0,26.6,Pass,In Spec,,1.6000000000000014,1,0,2024-01
2024-04-15,RMX_001,C25,25,87.2,27.6,1.89,16.0,24.5,Fail,In Spec,Adjust Cement,-0.5,0,0,2024-04
2024-01-13,RMX_001,C30,30,103.9,23.8,2.86,21.7,30.3,Pass,In Spec,,0.3000000000000007,1,0,2024-01
2024-06-10,RMX_001,C25,25,83.3,27.6,2.51,15.3,27.5,Pass,In Spec,,2.5,1,0,2024-06
2024-01-20,RMX_001,C25,25,78.3,24.7,2.27,15.2,24.6,Fail,In Spec,Adjust Cement,-0.3999999999999986,0,0,2024-01
2024-04-12,RMX_001,C30,30,68.6,28.7,2.97,17.4,27.3,Fail,Out of Spec,Reject Batch,-2.6999999999999993,0,1,2024-04
2024-03-20,RMX_001,C25,25,93.8,24.5,2.99,15.9,29.8,Pass,In Spec,,4.800000000000001,1,0,2024-03
2024-03-22,RMX_001,C30,30,101.2,33.6,3.44,21.9,33.8,Pass,In Spec,,3.799999999999997,1,0,2024-03
2024-01-30,RMX_001,C40,40,111.7,26.3,2.09,26.0,41.5,Pass,In Spec,,1.5,1,0,2024-01
2024-04-03,RMX_001,C30,30,93.2,30.8,2.84,15.3,33.4,Pass,In Spec,,3.3999999999999986,1,0,2024-04
2024-02-26,RMX_001,C40,40,86.8,30.3,2.21,25.7,44.0,Pass,In Spec,,4.0,1,0,2024-02
2024-05-22,RMX_001,C30,30,110.5,24.9,3.43,21.3,32.9,Pass,In Spec,,2.8999999999999986,1,0,2024-05
2024-04-18,RMX_001,C30,30,104.6,23.9,2.86,22.0,35.5,Pass,In Spec,,5.5,1,0,2024-04
2024-02-18,RMX_001,C40,40,111.0,31.1,2.4,25.3,43.3,Pass,In Spec,,3.299999999999997,1,0,2024-02
2024-03-10,RMX_001,C25,25,82.5,19.4,2.49,18.5,29.6,Pass,In Spec,,4.600000000000001,1,0,2024-03
2024-05-31,RMX_001,C25,25,93.1,29.1,1.95,16.7,25.1,Pass,In Spec,,0.10000000000000142,1,0,2024-05
2024-03-20,RMX_001,C25,25,98.5,27.4,2.06,15.2,25.8,Pass,In Spec,,0.8000000000000007,1,0,2024-03
2024-07-02,RMX_001,C30,30,105.5,31.5,2.38,18.4,30.3,Pass,In Spec,,0.3000000000000007,1,0,2024-07
2024-05-22,RMX_001,C40,40,101.5,24.6,1.62,23.9,42.8,Pass,In Spec,,2.799999999999997,1,0,2024-05
2024-06-13,RMX_001,C40,40,101.3,31.5,2.31,27.1,46.0,Pass,In Spec,,6.0,1,0,2024-06
2024-03-11,RMX_001,C30,30,87.4,29.8,1.87,17.9,30.0,Pass,In Spec,,0.0,1,0,2024-03
2024-03-26,RMX_001,C30,30,124.4,31.1,3.83,19.1,31.9,Pass,In Spec,,1.8999999999999986,1,0,2024-03
2024-04-07,RMX_001,C25,25,87.6,28.3,1.96,12.6,27.1,Pass,In Spec,,2.1000000000000014,1,0,2024-04
2024-07-06,RMX_001,C40,40,113.6,29.9,3.53,26.0,39.7,Fail,In Spec,Adjust Cement,-0.29999999999999716,0,0,2024-07
2024-05-06,RMX_001,C40,40,90.3,27.8,2.19,27.2,39.7,Fail,In Spec,Adjust Cement,-0.29999999999999716,0,0,2024-05
2024-05-04,RMX_001,C30,30,92.3,29.1,2.08,18.8,29.8,Fail,In Spec,Adjust Cement,-0.1999999999999993,0,0,2024-05
2024-02-13,RMX_001,C25,25,123.7,29.1,3.41,18.8,25.7,Pass,In Spec,,0.6999999999999993,1,0,2024-02
2024-05-02,RMX_001,C25,25,89.5,31.8,2.27,15.2,22.0,Fail,In Spec,Adjust Cement,-3.0,0,0,2024-05
2024-02-10,RMX_001,C30,30,98.1,25.4,2.24,18.7,30.9,Pass,In Spec,,0.8999999999999986,1,0,2024-02
2024-04-13,RMX_001,C25,25,89.1,31.6,2.77,17.2,25.9,Pass,In Spec,,0.8999999999999986,1,0,2024-04
2024-01-08,RMX_001,C30,30,107.3,25.5,2.18,21.0,30.7,Pass,In Spec,,0.6999999999999993,1,0,2024-01
2024-04-19,RMX_001,C25,25,93.9,30.3,2.78,17.5,25.0,Fail,In Spec,Adjust Cement,0.0,1,0,2024-04
2024-06-10,RMX_001,C30,30,87.1,31.4,2.5,20.0,32.4,Pass,In Spec,,2.3999999999999986,1,0,2024-06
2024-05-12,RMX_001,C30,30,90.8,29.2,2.11,18.7,32.8,Pass,In Spec,,2.799999999999997,1,0,2024-05
2024-05-18,RMX_001,C40,40,105.1,27.1,2.58,28.6,38.8,Fail,In Spec,Adjust Cement,-1.2000000000000028,0,0,2024-05
2024-05-10,RMX_001,C30,30,117.1,27.5,3.15,19.4,26.1,Fail,In Spec,Adjust Cement,-3.8999999999999986,0,0,2024-05
2024-02-27,RMX_001,C30,30,108.2,25.5,2.22,18.9,29.9,Fail,In Spec,Adjust Cement,-0.10000000000000142,0,0,2024-02
2024-04-03,RMX_001,C40,40,69.6,31.7,3.26,28.0,40.6,Pass,Out of Spec,Adjust Water,0.6000000000000014,1,1,2024-04
2024-02-16,RMX_001,C40,40,92.7,28.9,2.04,27.0,44.8,Pass,In Spec,,4.799999999999997,1,0,2024-02
2024-05-21,RMX_001,C30,30,94.3,26.2,2.4,18.7,35.0,Pass,In Spec,,5.0,1,0,2024-05
2024-05-30,RMX_001,C25,25,110.9,30.0,1.89,17.3,26.8,Pass,In Spec,,1.8000000000000007,1,0,2024-05
2024-03-12,RMX_001,C40,40,109.8,27.6,2.01,28.2,41.6,Pass,In Spec,,1.6000000000000014,1,0,2024-03
2024-06-24,RMX_001,C30,30,103.8,27.8,2.41,18.1,31.0,Pass,In Spec,,1.0,1,0,2024-06
2024-06-21,RMX_001,C25,25,106.3,29.5,2.37,17.2,27.5,Pass,In Spec,,2.5,1,0,2024-06
2024-04-29,RMX_001,C40,40,115.0,34.2,2.78,30.5,39.5,Fail,In Spec,Adjust Cement,-0.5,0,0,2024-04
2024-07-14,RMX_001,C30,30,131.4,22.9,2.76,20.6,29.4,Fail,Out of Spec,Adjust Water,-0.6000000000000014,0,1,2024-07
2024-03-09,RMX_001,C40,40,114.3,33.1,2.45,25.7,42.2,Pass,In Spec,,2.200000000000003,1,0,2024-03
2024-03-05,RMX_001,C25,25,117.4,25.2,2.62,17.5,27.3,Pass,In Spec,,2.3000000000000007,1,0,2024-03
2024-02-21,RMX_001,C25,25,92.2,28.7,2.46,17.3,25.5,Pass,In Spec,,0.5,1,0,2024-02
2024-04-01,RMX_001,C25,25,86.7,32.3,2.36,18.0,28.5,Pass,In Spec,,3.5,1,0,2024-04
2024-06-01,RMX_001,C30,30,86.6,25.2,2.68,19.5,30.0,Pass,In Spec,,0.0,1,0,2024-06
2024-06-16,RMX_001,C30,30,76.8,26.7,1.4,19.2,26.5,Fail,In Spec,Adjust Cement,-3.5,0,0,2024-06
2024-03-25,RMX_001,C30,30,77.4,30.3,2.54,17.3,30.8,Pass,In Spec,,0.8000000000000007,1,0,2024-03
2024-01-09,RMX_001,C25,25,88.7,29.4,3.87,16.7,25.9,Pass,In Spec,,0.8999999999999986,1,0,2024-01
2024-07-10,RMX_001,C25,25,112.7,26.3,3.02,16.4,25.4,Pass,In Spec,,0.3999999999999986,1,0,2024-07
2024-03-12,RMX_001,C40,40,101.0,27.8,2.2,29.0,39.7,Fail,In Spec,Adjust Cement,-0.29999999999999716,0,0,2024-03
2024-03-22,RMX_001,C25,25,111.6,32.6,2.96,15.6,26.5,Pass,In Spec,,1.5,1,0,2024-03
2024-05-26,RMX_001,C30,30,90.8,27.2,2.05,16.3,29.8,Fail,In Spec,Adjust Cement,-0.1999999999999993,0,0,2024-05
2024-07-12,RMX_001,C40,40,122.8,26.5,2.76,25.7,45.9,Pass,In Spec,,5.899999999999999,1,0,2024-07
2024-04-30,RMX_001,C40,40,117.4,27.7,2.51,27.4,42.7,Pass,In Spec,,2.700000000000003,1,0,2024-04
2024-03-05,RMX_001,C40,40,105.7,29.9,2.53,24.5,36.6,Fail,In Spec,Adjust Cement,-3.3999999999999986,0,0,2024-03
2024-06-01,RMX_001,C40,40,90.3,26.4,2.55,26.3,38.7,Fail,In Spec,Adjust Cement,-1.2999999999999972,0,0,2024-06
2024-01-30,RMX_001,C40,40,115.7,27.0,2.13,25.7,45.6,Pass,In Spec,,5.600000000000001,1,0,2024-01
2024-01-23,RMX_001,C30,30,102.0,25.2,1.42,21.7,32.6,Pass,In Spec,,2.6000000000000014,1,0,2024-01
2024-06-04,RMX_001,C40,40,72.5,31.5,3.29,27.6,38.8,Fail,Out of Spec,Reject Batch,-1.2000000000000028,0,1,2024-06
2024-05-25,RMX_001,C25,25,122.2,26.8,2.56,16.5,22.0,Fail,In Spec,Adjust Cement,-3.0,0,0,2024-05
2024-06-10,RMX_001,C40,40,91.6,27.4,1.66,24.4,45.1,Pass,In Spec,,5.100000000000001,1,0,2024-06
2024-04-29,RMX_001,C30,30,124.2,33.7,2.27,19.4,28.7,Fail,In Spec,Adjust Cement,-1.3000000000000007,0,0,2024-04
2024-02-20,RMX_001,C40,40,83.3,28.3,2.44,25.7,41.5,Pass,In Spec,,1.5,1,0,2024-02
2024-05-01,RMX_001,C30,30,111.0,25.5,2.28,17.9,31.4,Pass,In Spec,,1.3999999999999986,1,0,2024-05
2024-01-29,RMX_001,C25,25,78.9,23.6,1.19,14.7,26.3,Pass,In Spec,,1.3000000000000007,1,0,2024-01
2024-04-18,RMX_001,C25,25,102.3,24.8,2.66,19.5,22.6,Fail,In Spec,Adjust Cement,-2.3999999999999986,0,0,2024-04
2024-03-25,RMX_001,C30,30,109.8,26.5,3.03,18.8,29.4,Fail,In Spec,Adjust Cement,-0.6000000000000014,0,0,2024-03
2024-05-08,RMX_001,C30,30,108.4,24.7,2.87,19.8,34.5,Pass,In Spec,,4.5,1,0,2024-05
2024-05-31,RMX_001,C40,40,97.4,24.7,2.4,30.7,42.9,Pass,In Spec,,2.8999999999999986,1,0,2024-05
2024-04-10,RMX_001,C30,30,113.5,33.2,2.36,19.6,31.3,Pass,In Spec,,1.3000000000000007,1,0,2024-04
2024-01-05,RMX_001,C30,30,103.8,29.4,3.04,19.6,32.2,Pass,In Spec,,2.200000000000003,1,0,2024-01
2024-04-17,RMX_001,C25,25,94.1,26.9,3.48,16.3,27.6,Pass,In Spec,,2.6000000000000014,1,0,2024-04
2024-07-10,RMX_001,C30,30,73.4,31.8,2.05,18.5,30.1,Pass,Out of Spec,Adjust Water,0.10000000000000142,1,1,2024-07
2024-04-01,RMX_001,C25,25,120.6,32.1,2.08,16.1,28.2,Pass,In Spec,,3.1999999999999993,1,0,2024-04
2024-03-03,RMX_001,C40,40,122.8,33.1,2.45,28.8,38.7,Fail,In Spec,Adjust Cement,-1.2999999999999972,0,0,2024-03
2024-03-04,RMX_001,C30,30,88.1,30.7,2.89,19.6,34.1,Pass,In Spec,,4.100000000000001,1,0,2024-03
2024-06-11,RMX_001,C30,30,116.3,29.5,3.11,18.2,35.0,Pass,In Spec,,5.0,1,0,2024-06
2024-05-20,RMX_001,C40,40,102.1,27.6,2.32,24.8,42.6,Pass,In Spec,,2.6000000000000014,1,0,2024-05
2024-02-03,RMX_001,C25,25,107.0,29.5,2.67,17.1,25.8,Pass,In Spec,,0.8000000000000007,1,0,2024-02
2024-06-21,RMX_001,C30,30,86.9,30.9,1.94,22.7,33.4,Pass,In Spec,,3.3999999999999986,1,0,2024-06
2024-07-02,RMX_001,C30,30,105.9,30.4,2.43,17.1,32.6,Pass,In Spec,,2.6000000000000014,1,0,2024-07
2024-04-29,RMX_001,C40,40,88.7,29.3,2.33,22.8,39.6,Fail,In Spec,Adjust Cement,-0.3999999999999986,0,0,2024-04
2024-01-31,RMX_001,C30,30,117.3,28.8,1.76,19.9,35.1,Pass,In Spec,,5.100000000000001,1,0,2024-01
2024-02-23,RMX_001,C25,25,92.8,30.0,2.7,17.9,25.9,Pass,In Spec,,0.8999999999999986,1,0,2024-02
2024-02-28,RMX_001,C30,30,112.1,25.1,2.74,20.3,34.0,Pass,In Spec,,4.0,1,0,2024-02
2024-02-18,RMX_001,C40,40,141.4,25.9,3.28,27.1,44.6,Pass,Out of Spec,Adjust Water,4.600000000000001,1,1,2024-02
2024-05-13,RMX_001,C40,40,110.6,30.8,2.94,26.4,38.9,Fail,In Spec,Adjust Cement,-1.1000000000000014,0,0,2024-05
2024-05-22,RMX_001,C25,25,136.6,28.6,1.97,16.5,28.4,Pass,Out of Spec,Reject Batch,3.3999999999999986,1,1,2024-05
2024-06-05,RMX_001,C40,40,112.8,27.6,2.7,25.8,42.8,Pass,In Spec,,2.799999999999997,1,0,2024-06
2024-04-10,RMX_001,C25,25,91.3,25.5,2.71,16.9,25.5,Pass,In Spec,,0.5,1,0,2024-04
2024-05-19,RMX_001,C25,25,90.1,26.8,2.7,16.4,25.9,Pass,In Spec,,0.8999999999999986,1,0,2024-05
2024-04-08,RMX_001,C25,25,73.9,27.6,2.27,16.3,27.5,Pass,Out of Spec,Adjust Water,2.5,1,1,2024-04
2024-05-09,RMX_001,C40,40,104.3,25.5,2.36,26.7,35.1,Fail,In Spec,Adjust Cement,-4.899999999999999,0,0,2024-05
2024-04-18,RMX_001,C25,25,120.1,26.9,3.55,15.9,27.0,Pass,In Spec,,2.0,1,0,2024-04
2024-06-20,RMX_001,C40,40,76.7,30.5,2.69,24.2,39.2,Fail,In Spec,Adjust Cement,-0.7999999999999972,0,0,2024-06
2024-01-13,RMX_001,C25,25,116.9,27.0,3.48,15.2,26.6,Pass,In Spec,,1.6000000000000014,1,0,2024-01
2024-04-11,RMX_001,C25,25,107.7,29.8,2.04,16.4,24.1,Fail,In Spec,Adjust Cement,-0.8999999999999986,0,0,2024-04
2024-06-30,RMX_001,C30,30,111.8,27.3,1.18,20.7,25.7,Fail,In Spec,Adjust Cement,-4.300000000000001,0,0,2024-06
2024-06-23,RMX_001,C25,25,108.1,27.9,3.51,16.5,28.4,Pass,In Spec,,3.3999999999999986,1,0,2024-06
2024-06-10,RMX_001,C25,25,89.1,29.3,2.51,17.1,27.4,Pass,In Spec,,2.3999999999999986,1,0,2024-06
2024-05-14,RMX_001,C25,25,114.7,25.8,1.42,16.6,28.2,Pass,In Spec,,3.1999999999999993,1,0,2024-05
2024-07-18,RMX_001,C40,40,79.7,29.6,3.47,26.7,45.7,Pass,In Spec,,5.700000000000003,1,0,2024-07
2024-01-04,RMX_001,C25,25,76.0,25.5,2.45,14.2,25.9,Pass,In Spec,,0.8999999999999986,1,0,2024-01
2024-01-22,RMX_001,C30,30,124.9,34.4,2.72,20.8,36.3,Pass,In Spec,,6.299999999999997,1,0,2024-01
2024-03-23,RMX_001,C25,25,109.9,25.4,2.92,16.6,25.3,Pass,In Spec,,0.3000000000000007,1,0,2024-03
2024-06-23,RMX_001,C40,40,113.0,28.1,2.69,28.2,43.7,Pass,In Spec,,3.700000000000003,1,0,2024-06
2024-06-26,RMX_001,C30,30,96.1,22.5,2.67,20.4,28.9,Fail,In Spec,Adjust Cement,-1.1000000000000014,0,0,2024-06
2024-07-15,RMX_001,C30,30,97.7,23.2,2.59,22.5,31.5,Pass,In Spec,,1.5,1,0,2024-07
2024-01-06,RMX_001,C30,30,112.6,26.1,3.59,16.7,30.1,Pass,In Spec,,0.10000000000000142,1,0,2024-01
2024-03-15,RMX_001,C25,25,98.8,30.9,2.48,15.2,27.1,Pass,In Spec,,2.1000000000000014,1,0,2024-03
2024-03-04,RMX_001,C25,25,64.4,29.8,2.12,16.6,26.2,Pass,Out of Spec,Reject Batch,1.1999999999999993,1,1,2024-03
2024-02-24,RMX_001,C40,40,134.2,28.1,2.67,25.2,36.8,Fail,Out of Spec,Adjust Water,-3.200000000000003,0,1,2024-02
2024-07-12,RMX_001,C30,30,102.4,28.1,2.77,18.6,31.6,Pass,In Spec,,1.6000000000000014,1,0,2024-07
2024-04-03,RMX_001,C30,30,108.6,26.1,2.74,22.2,31.0,Pass,In Spec,,1.0,1,0,2024-04
2024-06-04,RMX_001,C25,25,122.3,27.3,2.65,17.6,27.2,Pass,In Spec,,2.1999999999999993,1,0,2024-06
2024-01-22,RMX_001,C30,30,108.2,26.5,2.73,21.6,31.7,Pass,In Spec,,1.6999999999999993,1,0,2024-01
2024-05-27,RMX_001,C25,25,91.6,23.6,4.25,14.4,30.8,Pass,In Spec,,5.800000000000001,1,0,2024-05
2024-03-22,RMX_001,C25,25,95.4,22.9,2.29,17.8,22.4,Fail,In Spec,Adjust Cement,-2.6000000000000014,0,0,2024-03
2024-06-17,RMX_001,C25,25,89.3,26.2,1.74,16.3,26.7,Pass,In Spec,,1.6999999999999993,1,0,2024-06
2024-03-16,RMX_001,C25,25,97.2,33.1,2.24,13.8,29.6,Pass,In Spec,,4.600000000000001,1,0,2024-03
2024-05-11,RMX_001,C30,30,97.3,28.5,2.94,19.3,30.7,Pass,In Spec,,0.6999999999999993,1,0,2024-05
2024-02-10,RMX_001,C40,40,116.5,26.9,0.76,26.8,37.8,Fail,In Spec,Adjust Cement,-2.200000000000003,0,0,2024-02
2024-05-08,RMX_001,C40,40,93.5,28.3,1.81,28.8,44.2,Pass,In Spec,,4.200000000000003,1,0,2024-05
2024-06-25,RMX_001,C40,40,94.5,26.0,3.11,26.1,46.2,Pass,In Spec,,6.200000000000003,1,0,2024-06
2024-03-10,RMX_001,C40,40,97.5,30.0,3.33,30.9,39.9,Fail,In Spec,Adjust Cement,-0.10000000000000142,0,0,2024-03
2024-03-26,RMX_001,C25,25,102.0,25.4,2.82,17.5,25.9,Pass,In Spec,,0.8999999999999986,1,0,2024-03
2024-02-27,RMX_001,C40,40,91.1,25.1,2.91,28.7,46.7,Pass,In Spec,,6.700000000000003,1,0,2024-02
2024-02-16,RMX_001,C30,30,92.8,25.4,2.04,19.0,29.5,Fail,In Spec,Adjust Cement,-0.5,0,0,2024-02
2024-01-31,RMX_001,C30,30,79.3,26.6,2.63,21.9,30.7,Pass,In Spec,,0.6999999999999993,1,0,2024-01
2024-05-18,RMX_001,C30,30,84.4,25.5,2.76,20.1,34.9,Pass,In Spec,,4.899999999999999,1,0,2024-05
2024-03-05,RMX_001,C30,30,66.4,27.1,2.57,20.2,31.9,Pass,Out of Spec,Adjust Water,1.8999999999999986,1,1,2024-03
2024-05-02,RMX_001,C40,40,84.1,21.1,2.58,28.2,45.2,Pass,In Spec,,5.200000000000003,1,0,2024-05
2024-03-13,RMX_001,C30,30,103.5,29.5,2.83,20.1,33.5,Pass,In Spec,,3.5,1,0,2024-03
2024-04-18,RMX_001,C25,25,90.7,29.9,1.94,17.2,28.5,Pass,In Spec,,3.5,1,0,2024-04
2024-03-23,RMX_001,C40,40,71.8,29.5,3.15,19.2,44.5,Pass,Out of Spec,Adjust Water,4.5,1,1,2024-03
2024-04-30,RMX_001,C40,40,96.7,23.4,2.32,27.8,43.8,Pass,In Spec,,3.799999999999997,1,0,2024-04
2024-03-20,RMX_001,C25,25,127.3,28.1,2.38,16.6,26.7,Pass,Out of Spec,Reject Batch,1.6999999999999993,1,1,2024-03
2024-01-02,RMX_001,C40,40,120.8,28.6,2.61,28.1,46.8,Pass,In Spec,,6.799999999999997,1,0,2024-01
2024-03-23,RMX_001,C30,30,115.9,29.9,2.84,17.5,34.4,Pass,In Spec,,4.399999999999999,1,0,2024-03
2024-01-27,RMX_001,C40,40,103.9,28.2,2.18,24.0,38.5,Fail,In Spec,Adjust Cement,-1.5,0,0,2024-01
2024-02-19,RMX_001,C25,25,98.3,30.1,2.63,17.4,24.8,Fail,In Spec,Adjust Cement,-0.1999999999999993,0,0,2024-02
2024-07-14,RMX_001,C25,25,80.8,24.7,3.12,16.1,25.2,Pass,In Spec,,0.1999999999999993,1,0,2024-07
2024-05-27,RMX_001,C25,25,120.8,31.4,1.91,16.9,29.3,Pass,In Spec,,4.300000000000001,1,0,2024-05
2024-03-06,RMX_001,C25,25,92.6,29.3,2.42,16.8,26.2,Pass,In Spec,,1.1999999999999993,1,0,2024-03
2024-06-25,RMX_001,C30,30,105.8,28.1,1.83,19.9,28.3,Fail,In Spec,Adjust Cement,-1.6999999999999993,0,0,2024-06
2024-05-03,RMX_001,C40,40,105.6,25.5,2.17,22.5,41.6,Pass,In Spec,,1.6000000000000014,1,0,2024-05
2024-05-26,RMX_001,C30,30,87.7,29.3,1.91,20.0,35.7,Pass,In Spec,,5.700000000000003,1,0,2024-05
2024-04-05,RMX_001,C40,40,90.6,24.1,2.91,27.6,38.3,Fail,In Spec,Adjust Cement,-1.7000000000000028,0,0,2024-04
2024-05-02,RMX_001,C30,30,83.2,25.2,3.01,19.9,32.8,Pass,In Spec,,2.799999999999997,1,0,2024-05
2024-02-14,RMX_001,C30,30,105.1,23.7,3.22,19.7,30.3,Pass,In Spec,,0.3000000000000007,1,0,2024-02
2024-02-01,RMX_001,C40,40,95.1,23.1,2.45,27.0,40.8,Pass,In Spec,,0.7999999999999972,1,0,2024-02
2024-05-06,RMX_001,C30,30,106.3,27.9,2.41,19.8,30.6,Pass,In Spec,,0.6000000000000014,1,0,2024-05
2024-01-17,RMX_001,C25,25,75.9,26.7,3.34,15.6,26.3,Pass,In Spec,,1.3000000000000007,1,0,2024-01
2024-04-22,RMX_001,C40,40,98.7,24.1,2.84,25.0,42.8,Pass,In Spec,,2.799999999999997,1,0,2024-04
2024-02-27,RMX_001,C25,25,105.4,29.7,2.15,15.2,29.7,Pass,In Spec,,4.699999999999999,1,0,2024-02
2024-07-05,RMX_001,C25,25,95.5,26.3,2.62,16.9,27.2,Pass,In Spec,,2.1999999999999993,1,0,2024-07
2024-06-27,RMX_001,C40,40,79.0,28.6,3.21,27.4,42.5,Pass,In Spec,,2.5,1,0,2024-06
2024-07-06,RMX_001,C30,30,125.7,30.0,2.4,21.1,37.2,Pass,Out of Spec,Adjust Water,7.200000000000003,1,1,2024-07
2024-07-06,RMX_001,C25,25,104.6,30.2,2.38,18.1,23.6,Fail,In Spec,Adjust Cement,-1.3999999999999986,0,0,2024-07
2024-04-01,RMX_001,C30,30,110.4,23.2,1.48,20.3,31.9,Pass,In Spec,,1.8999999999999986,1,0,2024-04
2024-03-01,RMX_001,C30,30,91.8,30.6,2.31,19.4,31.6,Pass,In Spec,,1.6000000000000014,1,0,2024-03
2024-06-14,RMX_001,C40,40,71.2,30.4,2.49,26.5,40.8,Pass,Out of Spec,Reject Batch,0.7999999999999972,1,1,2024-06
2024-02-16,RMX_001,C30,30,111.1,27.5,2.52,18.0,33.6,Pass,In Spec,,3.6000000000000014,1,0,2024-02
2024-02-25,RMX_001,C40,40,114.4,27.0,2.19,23.8,39.4,Fail,In Spec,Adjust Cement,-0.6000000000000014,0,0,2024-02
2024-02-24,RMX_001,C30,30,67.8,29.6,3.02,18.8,29.9,Fail,Out of Spec,Reject Batch,-0.10000000000000142,0,1,2024-02
2024-04-06,RMX_001,C25,25,115.1,24.6,1.82,17.1,26.3,Pass,In Spec,,1.3000000000000007,1,0,2024-04
2024-06-18,RMX_001,C25,25,96.6,25.4,2.59,20.0,27.0,Pass,In Spec,,2.0,1,0,2024-06
2024-01-29,RMX_001,C40,40,95.3,28.5,2.58,25.2,47.1,Pass,In Spec,,7.100000000000001,1,0,2024-01
2024-05-29,RMX_001,C40,40,85.2,29.6,1.98,27.5,42.4,Pass,In Spec,,2.3999999999999986,1,0,2024-05
2024-01-28,RMX_001,C30,30,126.2,25.9,1.87,19.2,30.8,Pass,Out of Spec,Adjust Water,0.8000000000000007,1,1,2024-01
2024-01-19,RMX_001,C40,40,79.3,26.3,3.01,30.2,36.9,Fail,In Spec,Adjust Cement,-3.1000000000000014,0,0,2024-01
2024-05-20,RMX_001,C40,40,71.8,31.3,3.03,26.0,37.8,Fail,Out of Spec,Adjust Water,-2.200000000000003,0,1,2024-05
2024-02-08,RMX_001,C30,30,94.6,28.2,2.57,20.0,33.3,Pass,In Spec,,3.299999999999997,1,0,2024-02
2024-02-27,RMX_001,C30,30,99.9,24.9,2.52,20.6,34.2,Pass,In Spec,,4.200000000000003,1,0,2024-02
2024-01-26,RMX_001,C25,25,115.4,29.0,2.05,18.4,25.7,Pass,In Spec,,0.6999999999999993,1,0,2024-01
2024-03-26,RMX_001,C25,25,105.5,30.7,3.04,16.0,29.5,Pass,In Spec,,4.5,1,0,2024-03
2024-01-15,RMX_001,C25,25,68.7,27.4,2.38,18.0,26.9,Pass,Out of Spec,Adjust Water,1.8999999999999986,1,1,2024-01
2024-05-15,RMX_001,C40,40,95.5,27.9,2.4,24.2,39.8,Fail,In Spec,Adjust Cement,-0.20000000000000284,0,0,2024-05
2024-03-22,RMX_001,C30,30,79.9,27.7,2.83,20.2,32.4,Pass,In Spec,,2.3999999999999986,1,0,2024-03
2024-01-03,RMX_001,C30,30,100.5,28.9,2.5,19.4,30.1,Pass,In Spec,,0.10000000000000142,1,0,2024-01
2024-04-16,RMX_001,C30,30,110.6,32.5,2.06,21.7,30.4,Pass,In Spec,,0.3999999999999986,1,0,2024-04
2024-06-07,RMX_001,C40,40,98.1,31.3,2.3,25.2,45.4,Pass,In Spec,,5.399999999999999,1,0,2024-06
2024-02-27,RMX_001,C30,30,104.0,32.5,3.2,20.1,33.3,Pass,In Spec,,3.299999999999997,1,0,2024-02
2024-05-13,RMX_001,C25,25,109.4,25.6,3.25,14.7,28.9,Pass,In Spec,,3.8999999999999986,1,0,2024-05
2024-03-02,RMX_001,C25,25,92.7,25.9,1.87,18.7,27.3,Pass,In Spec,,2.3000000000000007,1,0,2024-03
2024-04-13,RMX_001,C30,30,106.2,25.8,1.65,18.3,35.1,Pass,In Spec,,5.100000000000001,1,0,2024-04
2024-06-26,RMX_001,C40,40,105.8,24.3,2.97,27.7,48.6,Pass,In Spec,,8.600000000000001,1,0,2024-06
2024-02-07,RMX_001,C40,40,121.3,29.5,3.02,24.7,44.7,Pass,In Spec,,4.700000000000003,1,0,2024-02
2024-05-01,RMX_001,C25,25,101.5,27.8,1.79,17.6,24.6,Fail,In Spec,Adjust Cement,-0.3999999999999986,0,0,2024-05
2024-05-11,RMX_001,C30,30,90.9,29.4,1.82,20.8,28.5,Fail,In Spec,Adjust Cement,-1.5,0,0,2024-05
2024-05-04,RMX_001,C40,40,111.1,30.4,2.29,25.0,36.6,Fail,In Spec,Adjust Cement,-3.3999999999999986,0,0,2024-05
2024-04-19,RMX_001,C25,25,96.1,30.9,2.68,15.8,29.1,Pass,In Spec,,4.100000000000001,1,0,2024-04
2024-06-30,RMX_001,C40,40,125.9,28.3,3.45,24.6,42.7,Pass,Out of Spec,Adjust Water,2.700000000000003,1,1,2024-06
2024-07-05,RMX_001,C25,25,94.3,30.3,2.81,15.0,25.8,Pass,In Spec,,0.8000000000000007,1,0,2024-07
2024-04-09,RMX_001,C25,25,105.0,32.3,3.04,14.6,27.5,Pass,In Spec,,2.5,1,0,2024-04
2024-03-25,RMX_001,C40,40,119.9,29.2,3.05,30.0,45.3,Pass,In Spec,,5.299999999999997,1,0,2024-03
2024-03-27,RMX_001,C25,25,124.5,33.3,3.38,15.6,23.5,Fail,In Spec,Adjust Cement,-1.5,0,0,2024-03
2024-02-20,RMX_001,C40,40,91.7,27.4,2.78,23.1,42.5,Pass,In Spec,,2.5,1,0,2024-02
2024-02-24,RMX_001,C25,25,109.4,30.7,2.2,16.4,30.2,Pass,In Spec,,5.199999999999999,1,0,2024-02
2024-06-17,RMX_001,C30,30,92.4,29.7,2.42,19.5,28.4,Fail,In Spec,Adjust Cement,-1.6000000000000014,0,0,2024-06
2024-05-22,RMX_001,C40,40,115.2,32.0,2.13,25.0,45.9,Pass,In Spec,,5.899999999999999,1,0,2024-05
2024-06-26,RMX_001,C30,30,125.3,34.0,2.23,19.0,32.3,Pass,Out of Spec,Reject Batch,2.299999999999997,1,1,2024-06
2024-07-02,RMX_001,C25,25,123.3,30.6,2.71,16.8,26.3,Pass,In Spec,,1.3000000000000007,1,0,2024-07
2024-02-05,RMX_001,C30,30,108.4,24.7,2.34,17.0,32.8,Pass,In Spec,,2.799999999999997,1,0,2024-02
2024-05-07,RMX_001,C30,30,126.3,32.7,2.27,19.3,31.3,Pass,Out of Spec,Reject Batch,1.3000000000000007,1,1,2024-05
2024-07-02,RMX_001,C40,40,93.2,29.0,2.9,26.9,40.9,Pass,In Spec,,0.8999999999999986,1,0,2024-07
2024-04-19,RMX_001,C40,40,86.6,31.0,2.64,26.1,45.8,Pass,In Spec,,5.799999999999997,1,0,2024-04
2024-06-05,RMX_001,C40,40,98.2,22.0,1.87,27.5,43.0,Pass,In Spec,,3.0,1,0,2024-06
2024-05-17,RMX_001,C40,40,121.5,28.8,1.9,25.4,39.8,Fail,In Spec,Adjust Cement,-0.20000000000000284,0,0,2024-05
2024-05-15,RMX_001,C40,40,99.4,22.9,2.27,24.8,45.4,Pass,In Spec,,5.399999999999999,1,0,2024-05
2024-04-10,RMX_001,C25,25,92.7,26.9,2.12,14.6,25.3,Pass,In Spec,,0.3000000000000007,1,0,2024-04
2024-05-06,RMX_001,C30,30,102.7,26.9,2.67,20.8,30.6,Pass,In Spec,,0.6000000000000014,1,0,2024-05
2024-05-31,RMX_001,C40,40,112.8,32.5,2.46,23.6,39.7,Fail,In Spec,Adjust Cement,-0.29999999999999716,0,0,2024-05
2024-07-01,RMX_001,C40,40,115.1,27.5,3.02,25.9,42.6,Pass,In Spec,,2.6000000000000014,1,0,2024-07
2024-05-24,RMX_001,C30,30,87.0,23.8,2.23,17.9,32.0,Pass,In Spec,,2.0,1,0,2024-05
2024-03-17,RMX_001,C40,40,100.3,28.5,1.98,26.0,40.9,Pass,In Spec,,0.8999999999999986,1,0,2024-03
2024-02-08,RMX_001,C25,25,50.1,23.6,2.29,17.5,25.7,Pass,Out of Spec,Adjust Water,0.6999999999999993,1,1,2024-02
2024-07-06,RMX_001,C40,40,115.8,26.5,2.67,26.5,38.0,Fail,In Spec,Adjust Cement,-2.0,0,0,2024-07
2024-05-10,RMX_001,C30,30,96.0,31.0,2.06,20.9,32.1,Pass,In Spec,,2.1000000000000014,1,0,2024-05
2024-03-12,RMX_001,C25,25,96.7,30.5,2.4,18.0,30.0,Pass,In Spec,,5.0,1,0,2024-03
2024-01-31,RMX_001,C30,30,94.7,25.0,2.23,21.3,31.8,Pass,In Spec,,1.8000000000000007,1,0,2024-01
2024-03-24,RMX_001,C25,25,87.3,26.4,2.74,14.9,27.6,Pass,In Spec,,2.6000000000000014,1,0,2024-03
2024-03-21,RMX_001,C40,40,122.4,29.6,3.17,29.3,41.5,Pass,In Spec,,1.5,1,0,2024-03
2024-03-12,RMX_001,C30,30,92.0,29.2,1.67,18.5,29.3,Fail,In Spec,Adjust Cement,-0.6999999999999993,0,0,2024-03
2024-05-24,RMX_001,C30,30,110.5,28.5,2.71,21.5,33.6,Pass,In Spec,,3.6000000000000014,1,0,2024-05
2024-06-16,RMX_001,C30,30,122.8,31.5,2.32,18.6,28.8,Fail,In Spec,Adjust Cement,-1.1999999999999993,0,0,2024-06
2024-06-30,RMX_001,C40,40,111.5,28.6,2.75,33.9,35.3,Fail,In Spec,Adjust Cement,-4.700000000000003,0,0,2024-06
2024-06-03,RMX_001,C40,40,125.9,23.3,2.35,26.5,39.1,Fail,Out of Spec,Reject Batch,-0.8999999999999986,0,1,2024-06
2024-03-25,RMX_001,C30,30,113.2,32.7,3.46,20.8,32.2,Pass,In Spec,,2.200000000000003,1,0,2024-03
2024-02-23,RMX_001,C40,40,78.6,27.4,2.82,28.2,39.4,Fail,In Spec,Adjust Cement,-0.6000000000000014,0,0,2024-02
2024-01-06,RMX_001,C25,25,90.8,23.1,2.0,14.7,28.7,Pass,In Spec,,3.6999999999999993,1,0,2024-01
2024-03-08,RMX_001,C40,40,125.5,26.2,2.04,28.8,47.3,Pass,Out of Spec,Reject Batch,7.299999999999997,1,1,2024-03
2024-04-13,RMX_001,C30,30,85.6,25.1,3.0,21.1,28.9,Fail,In Spec,Adjust Cement,-1.1000000000000014,0,0,2024-04
2024-06-03,RMX_001,C40,40,80.8,28.1,2.61,23.2,41.3,Pass,In Spec,,1.2999999999999972,1,0,2024-06
2024-03-07,RMX_001,C25,25,112.0,25.0,2.06,14.7,27.9,Pass,In Spec,,2.8999999999999986,1,0,2024-03
2024-05-31,RMX_001,C30,30,98.4,28.8,2.86,18.3,30.2,Pass,In Spec,,0.1999999999999993,1,0,2024-05
2024-06-26,RMX_001,C25,25,97.1,32.4,2.3,17.0,27.7,Pass,In Spec,,2.6999999999999993,1,0,2024-06
2024-03-06,RMX_001,C40,40,106.6,24.9,1.97,25.7,39.0,Fail,In Spec,Adjust Cement,-1.0,0,0,2024-03
2024-04-25,RMX_001,C30,30,102.2,29.8,2.61,19.9,31.4,Pass,In Spec,,1.3999999999999986,1,0,2024-04
2024-01-25,RMX_001,C30,30,80.5,29.0,2.56,20.1,30.0,Fail,In Spec,Adjust Cement,0.0,1,0,2024-01
2024-04-13,RMX_001,C25,25,72.9,32.1,2.29,16.1,24.4,Fail,Out of Spec,Adjust Water,-0.6000000000000014,0,1,2024-04
2024-07-18,RMX_001,C40,40,102.8,25.8,3.33,27.3,42.3,Pass,In Spec,,2.299999999999997,1,0,2024-07
2024-02-28,RMX_001,C40,40,112.2,25.9,2.13,25.5,37.4,Fail,In Spec,Adjust Cement,-2.6000000000000014,0,0,2024-02
2024-07-07,RMX_001,C30,30,106.6,29.3,3.54,16.9,32.9,Pass,In Spec,,2.8999999999999986,1,0,2024-07
2024-07-09,RMX_001,C25,25,71.4,25.4,2.29,18.6,27.4,Pass,Out of Spec,Adjust Water,2.3999999999999986,1,1,2024-07
2024-01-08,RMX_001,C30,30,80.0,31.2,2.26,19.4,34.7,Pass,In Spec,,4.700000000000003,1,0,2024-01
2024-03-12,RMX_001,C30,30,91.2,31.1,1.74,15.3,30.4,Pass,In Spec,,0.3999999999999986,1,0,2024-03
2024-06-11,RMX_001,C25,25,108.3,32.5,2.72,15.4,28.0,Pass,In Spec,,3.0,1,0,2024-06
2024-05-13,RMX_001,C30,30,92.0,28.7,3.42,17.4,31.1,Pass,In Spec,,1.1000000000000014,1,0,2024-05
2024-01-13,RMX_001,C30,30,106.1,31.6,3.27,20.3,31.0,Pass,In Spec,,1.0,1,0,2024-01
2024-05-26,RMX_001,C40,40,85.6,27.4,2.81,26.3,40.1,Pass,In Spec,,0.10000000000000142,1,0,2024-05
2024-05-24,RMX_001,C40,40,103.4,31.5,2.33,26.9,45.8,Pass,In Spec,,5.799999999999997,1,0,2024-05
2024-04-21,RMX_001,C40,40,93.0,27.1,1.97,22.4,45.7,Pass,In Spec,,5.700000000000003,1,0,2024-04
2024-07-08,RMX_001,C40,40,119.3,24.4,2.3,26.6,40.9,Pass,In Spec,,0.8999999999999986,1,0,2024-07
2024-07-12,RMX_001,C25,25,101.5,23.4,2.23,16.6,24.5,Fail,In Spec,Adjust Cement,-0.5,0,0,2024-07
2024-05-25,RMX_001,C40,40,83.3,32.1,3.21,28.9,40.2,Pass,In Spec,,0.20000000000000284,1,0,2024-05
2024-05-13,RMX_001,C30,30,89.0,33.5,2.89,20.3,32.1,Pass,In Spec,,2.1000000000000014,1,0,2024-05
2024-04-15,RMX_001,C30,30,96.3,26.8,2.37,19.5,35.3,Pass,In Spec,,5.299999999999997,1,0,2024-04
2024-07-09,RMX_001,C30,30,104.6,23.2,2.75,19.1,32.3,Pass,In Spec,,2.299999999999997,1,0,2024-07
2024-03-21,RMX_001,C40,40,96.2,29.6,2.92,23.9,45.8,Pass,In Spec,,5.799999999999997,1,0,2024-03
2024-01-11,RMX_001,C25,25,106.8,26.9,2.38,17.9,25.6,Pass,In Spec,,0.6000000000000014,1,0,2024-01
2024-03-13,RMX_001,C25,25,85.5,32.9,3.04,15.3,27.0,Pass,In Spec,,2.0,1,0,2024-03
2024-02-27,RMX_001,C40,40,98.4,19.9,2.59,23.9,46.4,Pass,In Spec,,6.399999999999999,1,0,2024-02
2024-01-11,RMX_001,C30,30,95.9,31.1,3.33,18.8,30.0,Pass,In Spec,,0.0,1,0,2024-01
2024-01-18,RMX_001,C25,25,94.4,26.5,2.2,16.1,26.4,Pass,In Spec,,1.3999999999999986,1,0,2024-01
2024-03-16,RMX_001,C40,40,92.2,28.2,2.29,25.8,41.9,Pass,In Spec,,1.8999999999999986,1,0,2024-03
2024-07-09,RMX_001,C25,25,98.2,28.0,2.53,15.4,29.4,Pass,In Spec,,4.399999999999999,1,0,2024-07
2024-02-12,RMX_001,C40,40,106.2,23.8,2.53,25.6,39.3,Fail,In Spec,Adjust Cement,-0.7000000000000028,0,0,2024-02
2024-04-10,RMX_001,C25,25,89.5,24.8,2.31,16.0,26.5,Pass,In Spec,,1.5,1,0,2024-04
2024-05-04,RMX_001,C30,30,92.4,25.2,1.89,20.8,32.4,Pass,In Spec,,2.3999999999999986,1,0,2024-05
2024-06-13,RMX_001,C25,25,98.2,33.3,2.75,18.6,24.9,Fail,In Spec,Adjust Cement,-0.10000000000000142,0,0,2024-06
2024-05-09,RMX_001,C40,40,90.5,28.3,2.93,24.3,46.1,Pass,In Spec,,6.100000000000001,1,0,2024-05
2024-06-19,RMX_001,C30,30,98.8,27.7,2.66,21.3,34.1,Pass,In Spec,,4.100000000000001,1,0,2024-06
2024-03-19,RMX_001,C30,30,91.3,24.2,1.95,20.8,32.3,Pass,In Spec,,2.299999999999997,1,0,2024-03
2024-03-08,RMX_001,C25,25,102.2,24.6,2.73,18.9,26.7,Pass,In Spec,,1.6999999999999993,1,0,2024-03
2024-03-23,RMX_001,C40,40,55.7,26.6,1.98,26.1,47.1,Pass,Out of Spec,Adjust Water,7.100000000000001,1,1,2024-03
2024-01-16,RMX_001,C40,40,134.2,26.1,1.73,22.2,44.3,Pass,Out of Spec,Reject Batch,4.299999999999997,1,1,2024-01
2024-01-04,RMX_001,C30,30,71.8,27.8,2.31,18.5,30.6,Pass,Out of Spec,Adjust Water,0.6000000000000014,1,1,2024-01
2024-01-27,RMX_001,C40,40,110.0,25.8,2.79,25.2,40.6,Pass,In Spec,,0.6000000000000014,1,0,2024-01
2024-02-11,RMX_001,C25,25,113.4,25.0,2.33,16.2,25.5,Pass,In Spec,,0.5,1,0,2024-02
2024-03-29,RMX_001,C25,25,120.6,30.1,2.64,15.0,24.6,Fail,In Spec,Adjust Cement,-0.3999999999999986,0,0,2024-03
2024-06-24,RMX_001,C30,30,118.7,25.0,2.38,19.6,30.8,Pass,In Spec,,0.8000000000000007,1,0,2024-06
2024-03-18,RMX_001,C40,40,83.9,33.7,1.86,26.4,45.2,Pass,In Spec,,5.200000000000003,1,0,2024-03
2024-03-18,RMX_001,C30,30,81.2,32.9,3.48,18.3,31.5,Pass,In Spec,,1.5,1,0,2024-03
2024-01-22,RMX_001,C25,25,75.0,31.2,2.41,17.2,27.1,Pass,Out of Spec,Reject Batch,2.1000000000000014,1,1,2024-01
2024-02-07,RMX_001,C30,30,89.0,23.2,2.94,20.1,34.1,Pass,In Spec,,4.100000000000001,1,0,2024-02
2024-05-19,RMX_001,C40,40,112.6,25.6,2.1,25.2,40.2,Pass,In Spec,,0.20000000000000284,1,0,2024-05
2024-02-13,RMX_001,C25,25,98.9,30.0,3.47,15.2,25.5,Pass,In Spec,,0.5,1,0,2024-02
2024-04-06,RMX_001,C25,25,88.6,28.9,3.27,15.4,25.5,Pass,In Spec,,0.5,1,0,2024-04
2024-02-04,RMX_001,C25,25,104.2,25.3,3.18,17.7,26.5,Pass,In Spec,,1.5,1,0,2024-02
2024-03-29,RMX_001,C25,25,87.1,28.1,1.42,17.3,23.1,Fail,In Spec,Adjust Cement,-1.8999999999999986,0,0,2024-03
2024-02-23,RMX_001,C40,40,122.6,24.6,2.47,25.9,43.0,Pass,In Spec,,3.0,1,0,2024-02
2024-01-29,RMX_001,C30,30,70.6,26.8,1.51,19.1,34.3,Pass,Out of Spec,Reject Batch,4.299999999999997,1,1,2024-01
2024-04-18,RMX_001,C40,40,99.5,32.0,2.12,24.4,43.1,Pass,In Spec,,3.1000000000000014,1,0,2024-04
2024-04-20,RMX_001,C25,25,95.1,32.0,2.84,17.6,24.7,Fail,In Spec,Adjust Cement,-0.3000000000000007,0,0,2024-04
2024-03-30,RMX_001,C25,25,115.7,26.1,2.85,16.6,23.2,Fail,In Spec,Adjust Cement,-1.8000000000000007,0,0,2024-03
2024-01-11,RMX_001,C40,40,138.3,26.1,2.07,26.2,45.8,Pass,Out of Spec,Reject Batch,5.799999999999997,1,1,2024-01
2024-06-22,RMX_001,C30,30,134.2,29.1,2.41,16.9,31.9,Pass,Out of Spec,Reject Batch,1.8999999999999986,1,1,2024-06
2024-02-20,RMX_001,C30,30,85.5,29.3,2.52,20.1,29.8,Fail,In Spec,Adjust Cement,-0.1999999999999993,0,0,2024-02
2024-04-25,RMX_001,C25,25,117.4,33.2,2.61,15.6,28.0,Pass,In Spec,,3.0,1,0,2024-04
2024-06-21,RMX_001,C30,30,109.4,28.6,1.9,21.1,33.5,Pass,In Spec,,3.5,1,0,2024-06
2024-04-06,RMX_001,C40,40,68.4,30.3,1.62,28.1,40.3,Pass,Out of Spec,Adjust Water,0.29999999999999716,1,1,2024-04
2024-02-16,RMX_001,C30,30,106.9,25.1,1.92,17.0,27.2,Fail,In Spec,Adjust Cement,-2.8000000000000007,0,0,2024-02
2024-06-17,RMX_001,C25,25,79.7,34.0,2.11,16.5,27.3,Pass,In Spec,,2.3000000000000007,1,0,2024-06
2024-07-06,RMX_001,C30,30,136.7,26.4,1.6,21.7,29.5,Fail,Out of Spec,Adjust Water,-0.5,0,1,2024-07
2024-03-11,RMX_001,C30,30,94.6,28.3,2.29,18.0,33.2,Pass,In Spec,,3.200000000000003,1,0,2024-03
2024-02-12,RMX_001,C30,30,88.5,27.2,2.34,18.7,32.2,Pass,In Spec,,2.200000000000003,1,0,2024-02
2024-01-04,RMX_001,C40,40,72.1,24.7,2.64,28.1,42.5,Pass,Out of Spec,Adjust Water,2.5,1,1,2024-01
2024-06-29,RMX_001,C25,25,107.6,32.5,3.64,15.7,27.2,Pass,In Spec,,2.1999999999999993,1,0,2024-06
2024-04-10,RMX_001,C40,40,108.5,29.7,2.09,25.8,40.4,Pass,In Spec,,0.3999999999999986,1,0,2024-04
2024-01-15,RMX_001,C30,30,110.2,28.4,2.39,22.6,29.9,Fail,In Spec,Adjust Cement,-0.10000000000000142,0,0,2024-01
2024-06-19,RMX_001,C30,30,94.0,24.2,3.26,19.7,30.1,Pass,In Spec,,0.10000000000000142,1,0,2024-06
2024-07-14,RMX_001,C30,30,80.6,26.4,2.2,19.4,32.5,Pass,In Spec,,2.5,1,0,2024-07
2024-03-25,RMX_001,C25,25,106.3,25.7,2.5,13.2,23.2,Fail,In Spec,Adjust Cement,-1.8000000000000007,0,0,2024-03
2024-07-04,RMX_001,C40,40,108.4,26.8,2.35,23.6,42.0,Pass,In Spec,,2.0,1,0,2024-07
2024-07-05,RMX_001,C25,25,95.0,29.3,2.71,15.4,28.1,Pass,In Spec,,3.1000000000000014,1,0,2024-07
2024-04-20,RMX_001,C30,30,67.4,30.2,2.72,18.5,32.8,Pass,Out of Spec,Reject Batch,2.799999999999997,1,1,2024-04
2024-03-24,RMX_001,C30,30,78.3,19.2,3.53,21.1,30.6,Pass,In Spec,,0.6000000000000014,1,0,2024-03
2024-02-29,RMX_001,C40,40,89.1,28.0,2.56,24.5,45.2,Pass,In Spec,,5.200000000000003,1,0,2024-02
2024-04-19,RMX_001,C30,30,102.7,28.5,1.83,18.9,31.8,Pass,In Spec,,1.8000000000000007,1,0,2024-04
2024-03-18,RMX_001,C25,25,75.4,28.4,2.66,16.4,25.6,Pass,In Spec,,0.6000000000000014,1,0,2024-03
2024-06-08,RMX_001,C30,30,84.8,25.1,2.75,19.3,30.5,Pass,In Spec,,0.5,1,0,2024-06
2024-06-24,RMX_001,C40,40,126.7,25.0,2.32,26.1,42.2,Pass,Out of Spec,Reject Batch,2.200000000000003,1,1,2024-06
2024-02-14,RMX_001,C40,40,107.4,23.8,2.22,27.2,45.3,Pass,In Spec,,5.299999999999997,1,0,2024-02
2024-02-22,RMX_001,C30,30,116.7,26.0,3.51,18.0,33.9,Pass,In Spec,,3.8999999999999986,1,0,2024-02
2024-02-20,RMX_001,C30,30,106.4,28.1,2.53,18.7,28.2,Fail,In Spec,Adjust Cement,-1.8000000000000007,0,0,2024-02
2024-05-02,RMX_001,C40,40,91.0,31.2,2.22,29.2,45.8,Pass,In Spec,,5.799999999999997,1,0,2024-05
2024-05-05,RMX_001,C25,25,104.2,28.9,2.89,18.7,25.3,Pass,In Spec,,0.3000000000000007,1,0,2024-05
2024-01-26,RMX_001,C40,40,90.0,28.3,3.14,27.3,43.6,Pass,In Spec,,3.6000000000000014,1,0,2024-01
2024-06-06,RMX_001,C25,25,124.5,32.1,1.92,13.0,25.2,Pass,In Spec,,0.1999999999999993,1,0,2024-06
2024-03-28,RMX_001,C25,25,122.5,33.6,2.45,14.7,30.4,Pass,In Spec,,5.399999999999999,1,0,2024-03
2024-03-31,RMX_001,C40,40,123.9,26.4,2.86,24.8,41.9,Pass,In Spec,,1.8999999999999986,1,0,2024-03
2024-06-25,RMX_001,C30,30,117.8,25.5,1.85,18.9,28.9,Fail,In Spec,Adjust Cement,-1.1000000000000014,0,0,2024-06
2024-07-12,RMX_001,C40,40,100.6,29.8,2.37,26.3,40.8,Pass,In Spec,,0.7999999999999972,1,0,2024-07
2024-03-06,RMX_001,C25,25,87.8,22.8,2.4,16.6,25.7,Pass,In Spec,,0.6999999999999993,1,0,2024-03
2024-04-25,RMX_001,C40,40,90.8,27.7,1.85,26.5,39.6,Fail,In Spec,Adjust Cement,-0.3999999999999986,0,0,2024-04
2024-03-29,RMX_001,C25,25,94.6,26.3,1.83,17.3,24.1,Fail,In Spec,Adjust Cement,-0.8999999999999986,0,0,2024-03
2024-03-13,RMX_001,C30,30,99.8,31.5,2.74,17.2,33.5,Pass,In Spec,,3.5,1,0,2024-03
2024-02-14,RMX_001,C25,25,85.8,26.5,2.76,15.5,24.0,Fail,In Spec,Adjust Cement,-1.0,0,0,2024-02
2024-01-10,RMX_001,C30,30,69.7,25.9,2.57,18.9,32.5,Pass,Out of Spec,Adjust Water,2.5,1,1,2024-01
2024-06-02,RMX_001,C30,30,109.1,33.0,1.71,21.7,30.5,Pass,In Spec,,0.5,1,0,2024-06
2024-01-02,RMX_001,C25,25,111.8,27.7,3.0,18.6,27.8,Pass,In Spec,,2.8000000000000007,1,0,2024-01
2024-02-11,RMX_001,C25,25,85.4,31.0,2.67,16.0,24.6,Fail,In Spec,Adjust Cement,-0.3999999999999986,0,0,2024-02
2024-03-13,RMX_001,C25,25,89.2,26.8,1.82,17.1,25.8,Pass,In Spec,,0.8000000000000007,1,0,2024-03
2024-03-29,RMX_001,C40,40,87.9,22.9,2.78,26.4,45.2,Pass,In Spec,,5.200000000000003,1,0,2024-03
2024-01-13,RMX_001,C40,40,89.5,27.7,2.71,26.8,39.4,Fail,In Spec,Adjust Cement,-0.6000000000000014,0,0,2024-01
2024-07-10,RMX_001,C30,30,79.4,29.1,1.51,19.6,36.1,Pass,In Spec,,6.100000000000001,1,0,2024-07
2024-05-23,RMX_001,C25,25,85.8,26.5,1.79,15.2,25.0,Fail,In Spec,Adjust Cement,0.0,1,0,2024-05
2024-06-27,RMX_001,C25,25,120.1,25.9,1.75,14.8,26.2,Pass,In Spec,,1.1999999999999993,1,0,2024-06
2024-01-07,RMX_001,C30,30,89.1,31.0,2.21,18.9,33.2,Pass,In Spec,,3.200000000000003,1,0,2024-01
2024-03-15,RMX_001,C40,40,89.5,30.6,2.29,27.8,42.5,Pass,In Spec,,2.5,1,0,2024-03
2024-06-24,RMX_001,C30,30,94.0,25.6,1.97,19.5,31.2,Pass,In Spec,,1.1999999999999993,1,0,2024-06
2024-07-14,RMX_001,C25,25,83.6,30.3,2.97,15.4,24.7,Fail,In Spec,Adjust Cement,-0.3000000000000007,0,0,2024-07
2024-07-17,RMX_001,C40,40,102.7,27.8,2.54,26.1,41.5,Pass,In Spec,,1.5,1,0,2024-07
2024-05-06,RMX_001,C40,40,105.1,27.0,1.83,26.4,42.3,Pass,In Spec,,2.299999999999997,1,0,2024-05
2024-04-08,RMX_001,C25,25,127.1,31.8,2.42,16.9,27.9,Pass,Out of Spec,Reject Batch,2.8999999999999986,1,1,2024-04
2024-02-19,RMX_001,C30,30,118.3,31.2,2.94,19.0,30.1,Pass,In Spec,,0.10000000000000142,1,0,2024-02
2024-05-10,RMX_001,C30,30,105.0,28.2,2.59,17.4,33.4,Pass,In Spec,,3.3999999999999986,1,0,2024-05
2024-07-08,RMX_001,C30,30,97.9,28.9,2.24,21.5,32.5,Pass,In Spec,,2.5,1,0,2024-07
2024-06-07,RMX_001,C40,40,100.6,23.9,1.87,20.6,45.0,Pass,In Spec,,5.0,1,0,2024-06
2024-04-03,RMX_001,C25,25,89.9,27.6,2.2,13.2,28.4,Pass,In Spec,,3.3999999999999986,1,0,2024-04
2024-06-19,RMX_001,C25,25,97.9,20.7,2.06,16.8,28.0,Pass,In Spec,,3.0,1,0,2024-06
2024-07-10,RMX_001,C25,25,103.0,29.6,2.08,17.6,25.3,Pass,In Spec,,0.3000000000000007,1,0,2024-07
2024-07-01,RMX_001,C40,40,110.2,23.8,2.3,27.0,44.2,Pass,In Spec,,4.200000000000003,1,0,2024-07
2024-06-19,RMX_001,C25,25,104.8,28.5,2.0,16.0,21.9,Fail,In Spec,Adjust Cement,-3.1000000000000014,0,0,2024-06
2024-01-18,RMX_001,C40,40,102.7,32.4,2.9,25.8,40.5,Pass,In Spec,,0.5,1,0,2024-01
2024-05-25,RMX_001,C30,30,89.6,22.1,2.55,22.6,32.2,Pass,In Spec,,2.200000000000003,1,0,2024-05
2024-02-18,RMX_001,C30,30,99.7,22.9,2.74,20.0,32.1,Pass,In Spec,,2.1000000000000014,1,0,2024-02
2024-06-03,RMX_001,C30,30,104.3,26.3,1.79,18.7,30.2,Pass,In Spec,,0.1999999999999993,1,0,2024-06
2024-07-03,RMX_001,C30,30,115.4,28.3,1.94,19.1,28.4,Fail,In Spec,Adjust Cement,-1.6000000000000014,0,0,2024-07
2024-02-11,RMX_001,C40,40,90.7,24.3,2.69,25.9,44.0,Pass,In Spec,,4.0,1,0,2024-02
2024-04-19,RMX_001,C30,30,111.9,26.6,2.98,21.2,28.6,Fail,In Spec,Adjust Cement,-1.3999999999999986,0,0,2024-04
2024-05-02,RMX_001,C30,30,85.2,31.0,2.45,17.6,30.0,Fail,In Spec,Adjust Cement,0.0,1,0,2024-05
2024-07-05,RMX_001,C25,25,106.3,23.6,2.46,15.8,26.3,Pass,In Spec,,1.3000000000000007,1,0,2024-07
2024-01-02,RMX_001,C40,40,100.8,28.7,3.03,26.0,48.8,Pass,In Spec,,8.799999999999997,1,0,2024-01
2024-04-14,RMX_001,C30,30,81.0,27.3,1.82,20.2,33.9,Pass,In Spec,,3.8999999999999986,1,0,2024-04
2024-06-02,RMX_001,C25,25,102.5,24.4,2.39,15.3,25.2,Pass,In Spec,,0.1999999999999993,1,0,2024-06
2024-07-03,RMX_001,C25,25,98.6,26.9,2.44,15.8,23.9,Fail,In Spec,Adjust Cement,-1.1000000000000014,0,0,2024-07
2024-03-27,RMX_001,C25,25,106.1,26.4,3.16,15.5,28.6,Pass,In Spec,,3.6000000000000014,1,0,2024-03
2024-01-14,RMX_001,C25,25,77.9,31.5,2.74,16.0,25.2,Pass,In Spec,,0.1999999999999993,1,0,2024-01
2024-03-14,RMX_001,C30,30,85.4,26.8,3.12,20.1,29.2,Fail,In Spec,Adjust Cement,-0.8000000000000007,0,0,2024-03
2024-02-10,RMX_001,C40,40,95.3,25.7,1.99,28.4,47.4,Pass,In Spec,,7.399999999999999,1,0,2024-02
2024-04-23,RMX_001,C40,40,112.0,30.9,2.44,23.2,34.6,Fail,In Spec,Adjust Cement,-5.399999999999999,0,0,2024-04
2024-03-14,RMX_001,C40,40,92.2,24.1,2.31,24.6,41.5,Pass,In Spec,,1.5,1,0,2024-03
2024-05-24,RMX_001,C25,25,79.1,29.8,2.14,16.0,25.3,Pass,In Spec,,0.3000000000000007,1,0,2024-05
2024-03-08,RMX_001,C25,25,88.2,27.0,3.04,17.2,25.1,Pass,In Spec,,0.10000000000000142,1,0,2024-03
2024-06-05,RMX_001,C25,25,102.6,25.1,3.32,17.0,25.6,Pass,In Spec,,0.6000000000000014,1,0,2024-06
2024-06-25,RMX_001,C30,30,76.7,23.8,2.58,17.9,28.0,Fail,In Spec,Adjust Cement,-2.0,0,0,2024-06
2024-01-19,RMX_001,C25,25,105.7,27.6,2.81,18.1,25.8,Pass,In Spec,,0.8000000000000007,1,0,2024-01
2024-06-29,RMX_001,C30,30,75.0,27.6,2.89,19.9,31.3,Pass,Out of Spec,Reject Batch,1.3000000000000007,1,1,2024-06
2024-04-16,RMX_001,C40,40,110.5,27.2,3.26,26.8,40.3,Pass,In Spec,,0.29999999999999716,1,0,2024-04
2024-05-23,RMX_001,C25,25,116.0,26.8,3.0,18.0,27.7,Pass,In Spec,,2.6999999999999993,1,0,2024-05
2024-05-27,RMX_001,C25,25,94.6,32.9,3.17,14.0,30.8,Pass,In Spec,,5.800000000000001,1,0,2024-05
2024-01-26,RMX_001,C40,40,89.8,28.9,3.31,24.7,39.0,Fail,In Spec,Adjust Cement,-1.0,0,0,2024-01
2024-02-13,RMX_001,C25,25,77.5,27.7,2.46,16.9,28.1,Pass,In Spec,,3.1000000000000014,1,0,2024-02
2024-06-04,RMX_001,C25,25,99.1,25.0,2.92,15.0,26.0,Pass,In Spec,,1.0,1,0,2024-06
2024-01-20,RMX_001,C30,30,99.5,27.7,1.97,17.1,32.5,Pass,In Spec,,2.5,1,0,2024-01
2024-03-18,RMX_001,C40,40,90.5,28.0,2.86,27.6,43.4,Pass,In Spec,,3.3999999999999986,1,0,2024-03
2024-02-20,RMX_001,C40,40,118.7,24.0,2.33,24.5,43.2,Pass,In Spec,,3.200000000000003,1,0,2024-02
2024-04-10,RMX_001,C40,40,118.5,34.3,3.2,26.9,40.8,Pass,In Spec,,0.7999999999999972,1,0,2024-04
2024-01-15,RMX_001,C40,40,95.1,29.1,1.9,25.5,43.0,Pass,In Spec,,3.0,1,0,2024-01
2024-06-14,RMX_001,C40,40,127.6,26.3,2.19,25.8,41.2,Pass,Out of Spec,Adjust Water,1.2000000000000028,1,1,2024-06
2024-07-08,RMX_001,C30,30,89.0,33.7,2.52,20.7,30.0,Pass,In Spec,,0.0,1,0,2024-07
2024-04-15,RMX_001,C40,40,105.4,35.5,3.13,23.7,43.1,Pass,In Spec,,3.1000000000000014,1,0,2024-04
2024-05-15,RMX_001,C25,25,105.2,28.3,2.68,16.5,27.3,Pass,In Spec,,2.3000000000000007,1,0,2024-05
2024-01-08,RMX_001,C25,25,121.7,31.3,3.25,15.9,31.3,Pass,In Spec,,6.300000000000001,1,0,2024-01
2024-06-30,RMX_001,C30,30,103.6,21.8,2.78,18.7,36.1,Pass,In Spec,,6.100000000000001,1,0,2024-06
2024-03-27,RMX_001,C30,30,88.4,29.3,1.65,20.3,31.0,Pass,In Spec,,1.0,1,0,2024-03
2024-07-08,RMX_001,C40,40,115.1,25.1,2.58,26.3,44.7,Pass,In Spec,,4.700000000000003,1,0,2024-07
2024-04-29,RMX_001,C30,30,93.3,28.4,2.25,19.2,30.4,Pass,In Spec,,0.3999999999999986,1,0,2024-04
2024-04-05,RMX_001,C25,25,135.9,29.1,2.45,14.3,24.7,Fail,Out of Spec,Adjust Water,-0.3000000000000007,0,1,2024-04
2024-02-26,RMX_001,C30,30,98.1,28.1,1.8,18.0,32.0,Pass,In Spec,,2.0,1,0,2024-02
2024-03-24,RMX_001,C30,30,122.1,25.6,2.84,19.6,30.5,Pass,In Spec,,0.5,1,0,2024-03
2024-03-12,RMX_001,C40,40,96.1,26.8,2.95,23.4,46.2,Pass,In Spec,,6.200000000000003,1,0,2024-03
2024-03-29,RMX_001,C25,25,95.7,29.2,2.59,17.6,22.6,Fail,In Spec,Adjust Cement,-2.3999999999999986,0,0,2024-03
2024-02-23,RMX_001,C30,30,102.1,25.8,3.57,21.9,31.2,Pass,In Spec,,1.1999999999999993,1,0,2024-02
2024-01-03,RMX_001,C25,25,97.4,25.4,1.88,16.5,25.9,Pass,In Spec,,0.8999999999999986,1,0,2024-01
2024-04-17,RMX_001,C30,30,93.5,25.1,2.52,20.0,32.0,Pass,In Spec,,2.0,1,0,2024-04
2024-01-16,RMX_001,C30,30,120.6,23.1,2.62,18.7,31.8,Pass,In Spec,,1.8000000000000007,1,0,2024-01
2024-01-05,RMX_001,C40,40,110.6,32.4,2.72,27.9,41.2,Pass,In Spec,,1.2000000000000028,1,0,2024-01
2024-05-22,RMX_001,C40,40,103.8,30.4,2.3,24.5,44.4,Pass,In Spec,,4.399999999999999,1,0,2024-05
2024-05-30,RMX_001,C25,25,116.9,24.3,2.23,16.6,26.5,Pass,In Spec,,1.5,1,0,2024-05
2024-04-15,RMX_001,C25,25,75.7,27.0,3.08,16.0,27.0,Pass,In Spec,,2.0,1,0,2024-04
2024-04-08,RMX_001,C25,25,106.6,20.3,2.57,17.9,29.2,Pass,In Spec,,4.199999999999999,1,0,2024-04
2024-04-10,RMX_001,C25,25,90.6,19.3,3.47,14.9,27.4,Pass,In Spec,,2.3999999999999986,1,0,2024-04
2024-03-23,RMX_001,C40,40,81.2,29.8,2.21,25.7,42.2,Pass,In Spec,,2.200000000000003,1,0,2024-03
2024-05-25,RMX_001,C30,30,85.3,24.7,3.11,18.8,34.0,Pass,In Spec,,4.0,1,0,2024-05
2024-06-21,RMX_001,C40,40,97.2,31.4,2.11,29.1,37.1,Fail,In Spec,Adjust Cement,-2.8999999999999986,0,0,2024-06
2024-01-17,RMX_001,C30,30,87.4,30.2,2.43,19.0,28.4,Fail,In Spec,Adjust Cement,-1.6000000000000014,0,0,2024-01
2024-05-29,RMX_001,C40,40,98.5,28.4,2.18,29.4,45.2,Pass,In Spec,,5.200000000000003,1,0,2024-05
2024-06-07,RMX_001,C25,25,109.5,23.1,2.56,16.2,26.8,Pass,In Spec,,1.8000000000000007,1,0,2024-06
2024-05-03,RMX_001,C40,40,94.6,27.8,2.67,27.8,42.0,Pass,In Spec,,2.0,1,0,2024-05
2024-06-12,RMX_001,C30,30,120.1,29.1,2.43,21.2,25.8,Fail,In Spec,Adjust Cement,-4.199999999999999,0,0,2024-06
2024-02-18,RMX_001,C40,40,92.3,26.5,2.62,25.9,45.6,Pass,In Spec,,5.600000000000001,1,0,2024-02
2024-02-06,RMX_001,C40,40,95.3,29.3,2.23,27.9,42.2,Pass,In Spec,,2.200000000000003,1,0,2024-02
2024-02-21,RMX_001,C25,25,61.8,31.6,3.28,16.3,23.6,Fail,Out of Spec,Reject Batch,-1.3999999999999986,0,1,2024-02
2024-01-10,RMX_001,C40,40,76.9,27.5,2.26,24.1,41.4,Pass,In Spec,,1.3999999999999986,1,0,2024-01
2024-07-06,RMX_001,C30,30,107.4,26.8,2.43,17.1,30.7,Pass,In Spec,,0.6999999999999993,1,0,2024-07
2024-05-24,RMX_001,C40,40,84.0,28.2,2.56,26.8,41.6,Pass,In Spec,,1.6000000000000014,1,0,2024-05
2024-02-19,RMX_001,C25,25,101.1,30.0,2.43,14.0,25.5,Pass,In Spec,,0.5,1,0,2024-02
2024-03-11,RMX_001,C25,25,103.8,25.3,3.2,16.7,28.0,Pass,In Spec,,3.0,1,0,2024-03
2024-01-25,RMX_001,C30,30,100.3,30.0,2.49,19.6,30.0,Fail,In Spec,Adjust Cement,0.0,1,0,2024-01
2024-02-09,RMX_001,C25,25,103.7,24.7,2.01,15.0,26.5,Pass,In Spec,,1.5,1,0,2024-02
2024-07-16,RMX_001,C40,40,90.6,25.5,3.17,29.6,41.2,Pass,In Spec,,1.2000000000000028,1,0,2024-07
2024-04-27,RMX_001,C40,40,88.0,24.2,2.76,28.5,42.6,Pass,In Spec,,2.6000000000000014,1,0,2024-04
2024-01-19,RMX_001,C40,40,106.5,29.8,2.57,29.9,43.1,Pass,In Spec,,3.1000000000000014,1,0,2024-01
2024-06-18,RMX_001,C25,25,106.3,27.0,2.46,16.1,25.6,Pass,In Spec,,0.6000000000000014,1,0,2024-06
2024-01-23,RMX_001,C25,25,91.0,25.5,2.69,16.6,26.9,Pass,In Spec,,1.8999999999999986,1,0,2024-01
2024-04-18,RMX_001,C25,25,102.7,21.7,2.2,17.6,24.4,Fail,In Spec,Adjust Cement,-0.6000000000000014,0,0,2024-04
2024-03-26,RMX_001,C25,25,108.9,26.3,2.29,15.7,25.3,Pass,In Spec,,0.3000000000000007,1,0,2024-03
2024-06-10,RMX_001,C30,30,114.6,31.9,2.32,20.3,33.4,Pass,In Spec,,3.3999999999999986,1,0,2024-06
2024-07-18,RMX_001,C40,40,98.6,25.1,2.35,27.1,37.0,Fail,In Spec,Adjust Cement,-3.0,0,0,2024-07
2024-06-04,RMX_001,C40,40,116.6,34.6,3.48,26.3,40.5,Pass,In Spec,,0.5,1,0,2024-06
2024-06-14,RMX_001,C30,30,113.8,33.9,2.64,20.9,29.3,Fail,In Spec,Adjust Cement,-0.6999999999999993,0,0,2024-06
2024-06-26,RMX_001,C40,40,98.0,26.4,1.82,23.8,35.5,Fail,In Spec,Adjust Cement,-4.5,0,0,2024-06
2024-07-14,RMX_001,C30,30,98.5,24.0,1.44,19.9,31.6,Pass,In Spec,,1.6000000000000014,1,0,2024-07
2024-02-14,RMX_001,C40,40,117.4,30.9,2.11,26.4,40.5,Pass,In Spec,,0.5,1,0,2024-02
2024-04-10,RMX_001,C30,30,102.8,25.8,1.74,20.9,32.9,Pass,In Spec,,2.8999999999999986,1,0,2024-04
2024-05-24,RMX_001,C30,30,105.9,27.5,2.12,20.0,31.4,Pass,In Spec,,1.3999999999999986,1,0,2024-05
2024-02-21,RMX_001,C40,40,88.5,29.6,2.32,26.5,40.4,Pass,In Spec,,0.3999999999999986,1,0,2024-02
2024-03-08,RMX_001,C30,30,112.0,30.8,2.5,19.1,31.0,Pass,In Spec,,1.0,1,0,2024-03
2024-02-09,RMX_001,C25,25,115.3,31.3,2.01,14.6,24.6,Fail,In Spec,Adjust Cement,-0.3999999999999986,0,0,2024-02
2024-01-02,RMX_001,C25,25,101.5,28.3,3.2,14.9,25.5,Pass,In Spec,,0.5,1,0,2024-01
2024-01-22,RMX_001,C25,25,97.5,25.9,2.85,16.5,25.9,Pass,In Spec,,0.8999999999999986,1,0,2024-01
2024-02-04,RMX_001,C40,40,117.1,35.5,1.37,24.2,47.8,Pass,In Spec,,7.799999999999997,1,0,2024-02
2024-04-15,RMX_001,C40,40,73.0,28.4,1.65,24.4,43.8,Pass,Out of Spec,Reject Batch,3.799999999999997,1,1,2024-04
2024-06-01,RMX_001,C30,30,93.4,27.8,1.6,18.8,30.4,Pass,In Spec,,0.3999999999999986,1,0,2024-06
2024-03-10,RMX_001,C40,40,102.3,26.8,1.58,25.0,39.2,Fail,In Spec,Adjust Cement,-0.7999999999999972,0,0,2024-03
2024-02-21,RMX_001,C30,30,108.9,30.0,2.65,18.3,32.2,Pass,In Spec,,2.200000000000003,1,0,2024-02
2024-04-26,RMX_001,C25,25,117.9,33.2,1.25,16.4,25.6,Pass,In Spec,,0.6000000000000014,1,0,2024-04
2024-01-16,RMX_001,C25,25,73.9,26.4,1.95,16.4,28.2,Pass,Out of Spec,Adjust Water,3.1999999999999993,1,1,2024-01
2024-02-28,RMX_001,C30,30,109.7,26.9,3.82,22.6,32.2,Pass,In Spec,,2.200000000000003,1,0,2024-02
2024-02-07,RMX_001,C25,25,113.3,29.1,2.71,17.6,25.4,Pass,In Spec,,0.3999999999999986,1,0,2024-02
2024-04-04,RMX_001,C25,25,90.7,28.4,2.79,16.9,27.9,Pass,In Spec,,2.8999999999999986,1,0,2024-04
2024-04-06,RMX_001,C40,40,86.5,30.8,1.8,28.4,43.0,Pass,In Spec,,3.0,1,0,2024-04
2024-07-11,RMX_001,C30,30,97.5,31.2,2.97,20.2,34.1,Pass,In Spec,,4.100000000000001,1,0,2024-07
2024-07-10,RMX_001,C40,40,105.3,25.4,2.23,25.9,45.5,Pass,In Spec,,5.5,1,0,2024-07
2024-01-10,RMX_001,C30,30,93.2,27.7,2.18,20.7,31.4,Pass,In Spec,,1.3999999999999986,1,0,2024-01
2024-03-30,RMX_001,C30,30,103.9,22.2,2.32,16.2,34.8,Pass,In Spec,,4.799999999999997,1,0,2024-03
2024-05-23,RMX_001,C30,30,83.7,27.0,2.43,21.4,28.6,Fail,In Spec,Adjust Cement,-1.3999999999999986,0,0,2024-05
2024-04-11,RMX_001,C25,25,99.9,29.1,2.7,17.0,31.8,Pass,In Spec,,6.800000000000001,1,0,2024-04
2024-01-21,RMX_001,C30,30,100.6,27.5,2.77,22.4,30.0,Pass,In Spec,,0.0,1,0,2024-01
2024-04-02,RMX_001,C40,40,96.5,28.2,2.56,29.6,47.2,Pass,In Spec,,7.200000000000003,1,0,2024-04
2024-03-24,RMX_001,C25,25,119.5,28.6,2.34,14.7,26.9,Pass,In Spec,,1.8999999999999986,1,0,2024-03
2024-03-31,RMX_001,C25,25,117.2,28.9,3.13,16.6,23.9,Fail,In Spec,Adjust Cement,-1.1000000000000014,0,0,2024-03
2024-05-14,RMX_001,C25,25,80.0,31.6,3.42,17.3,28.6,Pass,In Spec,,3.6000000000000014,1,0,2024-05
2024-06-30,RMX_001,C30,30,87.0,27.0,2.69,18.3,28.7,Fail,In Spec,Adjust Cement,-1.3000000000000007,0,0,2024-06
2024-03-22,RMX_001,C25,25,107.0,29.0,3.14,17.9,27.3,Pass,In Spec,,2.3000000000000007,1,0,2024-03
2024-04-14,RMX_001,C40,40,108.6,31.1,2.82,26.0,40.5,Pass,In Spec,,0.5,1,0,2024-04
2024-02-14,RMX_001,C40,40,99.0,30.0,2.85,27.1,37.9,Fail,In Spec,Adjust Cement,-2.1000000000000014,0,0,2024-02
2024-05-23,RMX_001,C30,30,94.9,28.0,2.16,18.5,29.5,Fail,In Spec,Adjust Cement,-0.5,0,0,2024-05
2024-02-12,RMX_001,C40,40,112.6,30.6,3.34,24.4,45.4,Pass,In Spec,,5.399999999999999,1,0,2024-02
2024-02-28,RMX_001,C25,25,103.4,27.9,1.98,14.9,28.0,Pass,In Spec,,3.0,1,0,2024-02
2024-06-08,RMX_001,C40,40,70.7,27.4,2.69,27.4,42.8,Pass,Out of Spec,Adjust Water,2.799999999999997,1,1,2024-06
2024-03-20,RMX_001,C30,30,85.2,29.8,1.16,22.2,33.5,Pass,In Spec,,3.5,1,0,2024-03
2024-04-25,RMX_001,C30,30,72.4,25.1,2.52,17.4,26.2,Fail,Out of Spec,Adjust Water,-3.8000000000000007,0,1,2024-04
2024-02-08,RMX_001,C25,25,120.2,24.2,3.49,16.8,28.3,Pass,In Spec,,3.3000000000000007,1,0,2024-02
2024-03-13,RMX_001,C25,25,122.0,27.8,2.22,16.5,28.1,Pass,In Spec,,3.1000000000000014,1,0,2024-03
2024-05-02,RMX_001,C40,40,116.4,31.6,1.95,27.6,41.4,Pass,In Spec,,1.3999999999999986,1,0,2024-05
2024-01-12,RMX_001,C25,25,102.1,27.4,3.16,14.4,26.1,Pass,In Spec,,1.1000000000000014,1,0,2024-01
2024-05-25,RMX_001,C40,40,86.7,28.5,2.84,25.8,40.5,Pass,In Spec,,0.5,1,0,2024-05
2024-04-02,RMX_001,C25,25,134.4,26.7,2.0,17.5,24.9,Fail,Out of Spec,Adjust Water,-0.10000000000000142,0,1,2024-04
2024-02-21,RMX_001,C30,30,86.4,27.7,2.91,19.7,35.7,Pass,In Spec,,5.700000000000003,1,0,2024-02
2024-02-02,RMX_001,C25,25,87.5,28.3,2.42,15.6,25.9,Pass,In Spec,,0.8999999999999986,1,0,2024-02
2024-05-09,RMX_001,C30,30,77.8,28.3,2.17,20.4,30.5,Pass,In Spec,,0.5,1,0,2024-05
2024-06-11,RMX_001,C30,30,96.4,29.4,1.18,20.3,32.2,Pass,In Spec,,2.200000000000003,1,0,2024-06
2024-03-09,RMX_001,C40,40,106.1,25.3,2.94,27.4,39.4,Fail,In Spec,Adjust Cement,-0.6000000000000014,0,0,2024-03
2024-07-16,RMX_001,C30,30,84.1,28.5,2.19,19.5,35.5,Pass,In Spec,,5.5,1,0,2024-07
2024-07-04,RMX_001,C30,30,102.1,28.0,3.17,19.3,34.8,Pass,In Spec,,4.799999999999997,1,0,2024-07
2024-05-25,RMX_001,C25,25,95.3,27.4,2.97,18.3,28.9,Pass,In Spec,,3.8999999999999986,1,0,2024-05
2024-05-04,RMX_001,C25,25,95.5,28.2,1.83,17.3,22.2,Fail,In Spec,Adjust Cement,-2.8000000000000007,0,0,2024-05
2024-05-07,RMX_001,C30,30,90.2,24.2,2.51,19.1,34.0,Pass,In Spec,,4.0,1,0,2024-05
2024-04-06,RMX_001,C40,40,82.4,34.8,2.38,26.0,47.3,Pass,In Spec,,7.299999999999997,1,0,2024-04
2024-04-15,RMX_001,C40,40,91.2,27.9,2.58,25.0,38.6,Fail,In Spec,Adjust Cement,-1.3999999999999986,0,0,2024-04
2024-01-18,RMX_001,C25,25,95.4,31.6,2.8,15.8,25.1,Pass,In Spec,,0.10000000000000142,1,0,2024-01
2024-04-22,RMX_001,C30,30,129.2,28.2,3.45,17.9,31.1,Pass,Out of Spec,Reject Batch,1.1000000000000014,1,1,2024-04
2024-07-08,RMX_001,C30,30,96.6,32.2,2.82,21.9,28.2,Fail,In Spec,Adjust Cement,-1.8000000000000007,0,0,2024-07
2024-05-19,RMX_001,C25,25,99.5,30.1,2.24,14.9,20.2,Fail,In Spec,Adjust Cement,-4.800000000000001,0,0,2024-05
2024-05-17,RMX_001,C40,40,111.7,28.8,1.92,25.7,41.8,Pass,In Spec,,1.7999999999999972,1,0,2024-05
2024-02-20,RMX_001,C25,25,111.4,27.2,2.44,17.7,26.0,Pass,In Spec,,1.0,1,0,2024-02
2024-04-12,RMX_001,C30,30,108.4,20.1,1.88,20.9,29.3,Fail,In Spec,Adjust Cement,-0.6999999999999993,0,0,2024-04
2024-07-15,RMX_001,C25,25,103.0,29.4,1.97,17.3,24.3,Fail,In Spec,Adjust Cement,-0.6999999999999993,0,0,2024-07
2024-06-22,RMX_001,C25,25,115.5,32.7,1.91,15.3,28.0,Pass,In Spec,,3.0,1,0,2024-06
2024-02-12,RMX_001,C25,25,117.0,25.6,2.02,14.4,25.3,Pass,In Spec,,0.3000000000000007,1,0,2024-02
2024-03-18,RMX_001,C30,30,104.7,26.2,1.97,18.1,32.2,Pass,In Spec,,2.200000000000003,1,0,2024-03
2024-03-05,RMX_001,C25,25,99.2,30.4,2.63,15.0,26.9,Pass,In Spec,,1.8999999999999986,1,0,2024-03
2024-05-02,RMX_001,C25,25,98.8,28.2,2.22,16.3,26.7,Pass,In Spec,,1.6999999999999993,1,0,2024-05
2024-05-16,RMX_001,C30,30,91.3,26.2,2.8,20.1,32.4,Pass,In Spec,,2.3999999999999986,1,0,2024-05
2024-01-02,RMX_001,C25,25,101.9,24.5,3.44,17.5,26.3,Pass,In Spec,,1.3000000000000007,1,0,2024-01
2024-05-27,RMX_001,C40,40,95.9,23.0,3.03,27.7,43.8,Pass,In Spec,,3.799999999999997,1,0,2024-05
2024-01-05,RMX_001,C30,30,105.1,26.6,2.18,17.9,31.9,Pass,In Spec,,1.8999999999999986,1,0,2024-01
2024-04-03,RMX_001,C25,25,119.8,29.5,1.85,16.5,24.9,Fail,In Spec,Adjust Cement,-0.10000000000000142,0,0,2024-04
2024-06-09,RMX_001,C25,25,76.4,29.7,2.81,16.5,27.6,Pass,In Spec,,2.6000000000000014,1,0,2024-06
2024-02-08,RMX_001,C30,30,87.5,31.1,2.77,18.2,29.0,Fail,In Spec,Adjust Cement,-1.0,0,0,2024-02
2024-01-15,RMX_001,C25,25,108.8,26.9,2.7,15.4,26.8,Pass,In Spec,,1.8000000000000007,1,0,2024-01
2024-02-18,RMX_001,C25,25,87.8,24.2,2.83,17.1,27.0,Pass,In Spec,,2.0,1,0,2024-02
2024-05-30,RMX_001,C30,30,103.9,31.1,2.4,18.0,32.7,Pass,In Spec,,2.700000000000003,1,0,2024-05
2024-05-21,RMX_001,C25,25,87.4,28.0,2.01,17.1,26.3,Pass,In Spec,,1.3000000000000007,1,0,2024-05
2024-01-18,RMX_001,C25,25,116.2,27.0,0.86,15.2,28.7,Pass,In Spec,,3.6999999999999993,1,0,2024-01
2024-04-29,RMX_001,C25,25,99.5,27.7,1.45,14.4,27.1,Pass,In Spec,,2.1000000000000014,1,0,2024-04
2024-03-20,RMX_001,C25,25,138.8,31.7,2.61,15.9,25.8,Pass,Out of Spec,Adjust Water,0.8000000000000007,1,1,2024-03
2024-01-21,RMX_001,C40,40,81.2,29.5,1.53,21.9,44.4,Pass,In Spec,,4.399999999999999,1,0,2024-01
2024-05-16,RMX_001,C30,30,81.9,25.2,2.49,17.5,33.8,Pass,In Spec,,3.799999999999997,1,0,2024-05
2024-01-01,RMX_001,C25,25,86.1,27.8,2.33,15.4,28.6,Pass,In Spec,,3.6000000000000014,1,0,2024-01
2024-02-28,RMX_001,C25,25,109.9,25.6,2.65,15.9,28.9,Pass,In Spec,,3.8999999999999986,1,0,2024-02
2024-07-04,RMX_001,C40,40,86.9,25.1,2.04,22.8,42.4,Pass,In Spec,,2.3999999999999986,1,0,2024-07
2024-03-12,RMX_001,C25,25,123.6,29.7,2.45,16.2,20.2,Fail,In Spec,Adjust Cement,-4.800000000000001,0,0,2024-03
2024-03-27,RMX_001,C30,30,93.6,26.9,2.57,19.6,35.1,Pass,In Spec,,5.100000000000001,1,0,2024-03
2024-05-09,RMX_001,C40,40,93.0,25.7,3.18,24.7,39.4,Fail,In Spec,Adjust Cement,-0.6000000000000014,0,0,2024-05
2024-07-12,RMX_001,C40,40,101.1,32.2,2.98,21.9,49.5,Pass,In Spec,,9.5,1,0,2024-07
2024-05-16,RMX_001,C40,40,91.9,29.0,2.33,26.4,41.8,Pass,In Spec,,1.7999999999999972,1,0,2024-05
2024-07-02,RMX_001,C40,40,94.4,29.6,2.01,27.1,39.5,Fail,In Spec,Adjust Cement,-0.5,0,0,2024-07
2024-05-20,RMX_001,C40,40,89.8,29.2,2.36,26.5,38.7,Fail,In Spec,Adjust Cement,-1.2999999999999972,0,0,2024-05
2024-04-10,RMX_001,C25,25,87.6,27.8,1.66,16.5,26.2,Pass,In Spec,,1.1999999999999993,1,0,2024-04
